#
# TABLE STRUCTURE FOR: Customers
#

DROP TABLE IF EXISTS `Customers`;

CREATE TABLE `Customers` (
  `phone_bigint` varchar(50) COLLATE utf8_unicode_ci DEFAULT NULL,
  `address` varchar(30) COLLATE utf8_unicode_ci DEFAULT NULL,
  `middle_initial` varchar(50) COLLATE utf8_unicode_ci DEFAULT NULL,
  `last_name` varchar(50) COLLATE utf8_unicode_ci DEFAULT NULL,
  `login_name` varchar(50) COLLATE utf8_unicode_ci DEFAULT NULL,
  `town_city` varchar(50) COLLATE utf8_unicode_ci DEFAULT NULL,
  `login_password` varchar(50) COLLATE utf8_unicode_ci DEFAULT NULL,
  `country` varchar(50) COLLATE utf8_unicode_ci DEFAULT NULL,
  `first_name` varchar(50) COLLATE utf8_unicode_ci DEFAULT NULL,
  `organisation_name` varchar(50) COLLATE utf8_unicode_ci DEFAULT NULL,
  `email_address` varchar(50) COLLATE utf8_unicode_ci DEFAULT NULL,
  `customer_id` bigint(20) NOT NULL,
  PRIMARY KEY (`customer_id`)
) ENGINE=InnoDB DEFAULT CHARSET=utf8 COLLATE=utf8_unicode_ci;


#
# TABLE STRUCTURE FOR: Products
#

DROP TABLE IF EXISTS `Products`;

CREATE TABLE `Products` (
  `product_price` varchar(50) COLLATE utf8_unicode_ci DEFAULT NULL,
  `other_product_details` varchar(50) COLLATE utf8_unicode_ci DEFAULT NULL,
  `return_merchandise_authorization_nr` bigint(20) DEFAULT NULL,
  `product_id` bigint(20) NOT NULL,
  `product_name` varchar(50) COLLATE utf8_unicode_ci DEFAULT NULL,
  `product_color` varchar(50) COLLATE utf8_unicode_ci DEFAULT NULL,
  `product_size` varchar(50) COLLATE utf8_unicode_ci DEFAULT NULL,
  `product_description` varchar(50) COLLATE utf8_unicode_ci DEFAULT NULL,
  PRIMARY KEY (`product_id`)
) ENGINE=InnoDB DEFAULT CHARSET=utf8 COLLATE=utf8_unicode_ci;


#
# TABLE STRUCTURE FOR: Customer_Payment_Methods
#

DROP TABLE IF EXISTS `Customer_Payment_Methods`;

CREATE TABLE `Customer_Payment_Methods` (
  `customer_payment_id` bigint(20) NOT NULL,
  `payment_method_details` varchar(50) COLLATE utf8_unicode_ci DEFAULT NULL,
  `credit_card_bigint` bigint(20) DEFAULT NULL,
  `payment_method_description` varchar(50) COLLATE utf8_unicode_ci DEFAULT NULL,
  `customer_id4` bigint(20) DEFAULT NULL,
  PRIMARY KEY (`customer_payment_id`),
  KEY `customer_id4_FK` (`customer_id4`),
  CONSTRAINT `customer_id4_FK` FOREIGN KEY (`customer_id4`) REFERENCES `Customers` (`customer_id`)
) ENGINE=InnoDB DEFAULT CHARSET=utf8 COLLATE=utf8_unicode_ci;


#
# TABLE STRUCTURE FOR: Orders
#

DROP TABLE IF EXISTS `Orders`;

CREATE TABLE `Orders` (
  `order_id` bigint(20) NOT NULL,
  `order_details` varchar(50) COLLATE utf8_unicode_ci DEFAULT NULL,
  `date_order_placed` date DEFAULT NULL,
  `order_status_description` varchar(50) COLLATE utf8_unicode_ci DEFAULT NULL,
  `customer_id3` bigint(20) DEFAULT NULL,
  PRIMARY KEY (`order_id`),
  KEY `customer_id3_FK` (`customer_id3`),
  CONSTRAINT `customer_id3_FK` FOREIGN KEY (`customer_id3`) REFERENCES `Customers` (`customer_id`)
) ENGINE=InnoDB DEFAULT CHARSET=utf8 COLLATE=utf8_unicode_ci;



#
# TABLE STRUCTURE FOR: Invoices
#

DROP TABLE IF EXISTS `Invoices`;

CREATE TABLE `Invoices` (
  `invoice_bigint` bigint(20) NOT NULL,
  `invoice_date` date DEFAULT NULL,
  `invoice_details` varchar(50) COLLATE utf8_unicode_ci DEFAULT NULL,
  `invoice_status_description` varchar(50) COLLATE utf8_unicode_ci DEFAULT NULL,
  `order_id4` bigint(20) DEFAULT NULL,
  PRIMARY KEY (`invoice_bigint`),
  KEY `order_id4_FK` (`order_id4`),
  CONSTRAINT `order_id4_FK` FOREIGN KEY (`order_id4`) REFERENCES `Orders` (`order_id`)
) ENGINE=InnoDB DEFAULT CHARSET=utf8 COLLATE=utf8_unicode_ci;



#
# TABLE STRUCTURE FOR: Shipments
#

DROP TABLE IF EXISTS `Shipments`;

CREATE TABLE `Shipments` (
  `shipment_id` bigint(20) NOT NULL,
  `shipment_date` date DEFAULT NULL,
  `other_shipment_details` varchar(50) COLLATE utf8_unicode_ci DEFAULT NULL,
  `shipment_tracking_bigint` bigint(20) DEFAULT NULL,
  `order_id5` bigint(20) DEFAULT NULL,
  `invoice_bigint5` bigint(20) DEFAULT NULL,
  PRIMARY KEY (`shipment_id`),
  KEY `order_id5_FK` (`order_id5`),
  KEY `invoice_bigint5_FK` (`invoice_bigint5`),
  CONSTRAINT `invoice_bigint5_FK` FOREIGN KEY (`invoice_bigint5`) REFERENCES `Invoices` (`invoice_bigint`),
  CONSTRAINT `order_id5_FK` FOREIGN KEY (`order_id5`) REFERENCES `Orders` (`order_id`)
) ENGINE=InnoDB DEFAULT CHARSET=utf8 COLLATE=utf8_unicode_ci;



#
# TABLE STRUCTURE FOR: Payments
#

DROP TABLE IF EXISTS `Payments`;

CREATE TABLE `Payments` (
  `payment_id` bigint(20) NOT NULL,
  `payment_amount` varchar(50) COLLATE utf8_unicode_ci DEFAULT NULL,
  `payment_date` date DEFAULT NULL,
  `invoice_bigint3` bigint(20) DEFAULT NULL,
  PRIMARY KEY (`payment_id`),
  KEY `invoice_bigint3_FK` (`invoice_bigint3`),
  CONSTRAINT `invoice_bigint3_FK` FOREIGN KEY (`invoice_bigint3`) REFERENCES `Invoices` (`invoice_bigint`)
) ENGINE=InnoDB DEFAULT CHARSET=utf8 COLLATE=utf8_unicode_ci;




#
# TABLE STRUCTURE FOR: Order_items
#

DROP TABLE IF EXISTS `Order_items`;

CREATE TABLE `Order_items` (
  `order_item_id` bigint(20) NOT NULL,
  `order_item_quantity` varchar(50) COLLATE utf8_unicode_ci DEFAULT NULL,
  `order_item_price` varchar(50) COLLATE utf8_unicode_ci DEFAULT NULL,
  `RMA_bigint` bigint(20) DEFAULT NULL,
  `RMA_issued_by` varchar(50) COLLATE utf8_unicode_ci DEFAULT NULL,
  `other_order_item_details` varchar(50) COLLATE utf8_unicode_ci DEFAULT NULL,
  `order_item_status_code` varchar(50) COLLATE utf8_unicode_ci DEFAULT NULL,
  `RMA_issued_date` date DEFAULT NULL,
  `order_id8` bigint(20) DEFAULT NULL,
  `product_id9` bigint(20) DEFAULT NULL,
  PRIMARY KEY (`order_item_id`),
  KEY `order_id8_FK` (`order_id8`),
  KEY `product_id9_FK` (`product_id9`),
  CONSTRAINT `order_id8_FK` FOREIGN KEY (`order_id8`) REFERENCES `Orders` (`order_id`),
  CONSTRAINT `product_id9_FK` FOREIGN KEY (`product_id9`) REFERENCES `Products` (`product_id`)
) ENGINE=InnoDB DEFAULT CHARSET=utf8 COLLATE=utf8_unicode_ci;



#
# TABLE STRUCTURE FOR: shipment_items
#

DROP TABLE IF EXISTS `shipment_items`;

CREATE TABLE `shipment_items` (
  `shipment_id0` bigint(20) NOT NULL,
  `order_item_id1` bigint(20) NOT NULL,
  PRIMARY KEY (`shipment_id0`,`order_item_id1`),
  KEY `order_item_id1_FK` (`order_item_id1`),
  CONSTRAINT `order_item_id1_FK` FOREIGN KEY (`order_item_id1`) REFERENCES `Order_items` (`order_item_id`),
  CONSTRAINT `shipment_id0_FK` FOREIGN KEY (`shipment_id0`) REFERENCES `Shipments` (`shipment_id`)
) ENGINE=InnoDB DEFAULT CHARSET=utf8 COLLATE=utf8_unicode_ci;



INSERT INTO `Customers` (`phone_bigint`, `address`, `middle_initial`, `last_name`, `login_name`, `town_city`, `login_password`, `country`, `first_name`, `organisation_name`, `email_address`, `customer_id`) VALUES ('(259)908-9353x163', '1596 Briana Views\nAliviaville,', 'w', 'Erdman', 'esse', 'Rosenbaumfort', '9487339594d7e8b58f2116cb789ba04872ede10b', 'Croatia', 'Jedidiah', 'Witting, Schinner and Kunze', 'bergnaum.nia@example.com', '0');
INSERT INTO `Customers` (`phone_bigint`, `address`, `middle_initial`, `last_name`, `login_name`, `town_city`, `login_password`, `country`, `first_name`, `organisation_name`, `email_address`, `customer_id`) VALUES ('05252744333', '251 Letha Tunnel Suite 557\nKee', 'd', 'Bartoletti', 'possimus', 'Lake Rod', 'a180aaffc28d2be1c1cce346ade0c3e411c46e28', 'Senegal', 'Damaris', 'Boehm and Sons', 'amy11@example.org', '1');
INSERT INTO `Customers` (`phone_bigint`, `address`, `middle_initial`, `last_name`, `login_name`, `town_city`, `login_password`, `country`, `first_name`, `organisation_name`, `email_address`, `customer_id`) VALUES ('(852)147-4778x30717', '6027 Daniel Course\nFarrellstad', 'k', 'Fritsch', 'numquam', 'South Bernadine', 'a97a0c1f3de17d7a0144167a95f24f53ffd8bcb1', 'Greece', 'Joanne', 'Roob, Homenick and Koepp', 'avis.fay@example.org', '3');
INSERT INTO `Customers` (`phone_bigint`, `address`, `middle_initial`, `last_name`, `login_name`, `town_city`, `login_password`, `country`, `first_name`, `organisation_name`, `email_address`, `customer_id`) VALUES ('+42(8)2222998599', '91817 Russel River\nNew Lennie,', 'u', 'Nienow', 'tenetur', 'West Selinafurt', 'd22dc2db5ff4945dd3e42f73d1045381854d7503', 'Palestinian Territory', 'Nat', 'McGlynn Group', 'onie.hane@example.org', '5');
INSERT INTO `Customers` (`phone_bigint`, `address`, `middle_initial`, `last_name`, `login_name`, `town_city`, `login_password`, `country`, `first_name`, `organisation_name`, `email_address`, `customer_id`) VALUES ('722.297.2583', '215 Rodriguez Valleys\nWest Dew', 'j', 'Langworth', 'nobis', 'East Nataliamouth', '8fcf18f174ef8cebc3982181db771a87de7228cb', 'Hungary', 'Meghan', 'Hegmann-Kautzer', 'aliyah37@example.com', '9');
INSERT INTO `Customers` (`phone_bigint`, `address`, `middle_initial`, `last_name`, `login_name`, `town_city`, `login_password`, `country`, `first_name`, `organisation_name`, `email_address`, `customer_id`) VALUES ('1-223-026-9639x129', '214 Hildegard Greens Apt. 598\n', 'z', 'Murray', 'illo', 'West Astrid', 'bac3472cc87a88a2d9098fe61b6b82869a74097c', 'Panama', 'Jerald', 'Ullrich, Wiegand and Hamill', 'erling53@example.net', '16');
INSERT INTO `Customers` (`phone_bigint`, `address`, `middle_initial`, `last_name`, `login_name`, `town_city`, `login_password`, `country`, `first_name`, `organisation_name`, `email_address`, `customer_id`) VALUES ('1-845-929-9934', '62124 Fanny Skyway Suite 829\nE', 'q', 'Denesik', 'architecto', 'Lake Nicoleshire', 'f90b53469e204070ac5df52dcca486a142e349ab', 'Panama', 'Lane', 'Nitzsche Inc', 'gbrown@example.net', '21');
INSERT INTO `Customers` (`phone_bigint`, `address`, `middle_initial`, `last_name`, `login_name`, `town_city`, `login_password`, `country`, `first_name`, `organisation_name`, `email_address`, `customer_id`) VALUES ('534.461.4254x671', '03200 Hickle Lodge Apt. 603\nKa', 'c', 'Skiles', 'laboriosam', 'Wuckertville', '21b736adeb8fbb224ed3d8a02582689e4485c6fa', 'Korea', 'Braeden', 'Kub-Hudson', 'ffadel@example.org', '35');
INSERT INTO `Customers` (`phone_bigint`, `address`, `middle_initial`, `last_name`, `login_name`, `town_city`, `login_password`, `country`, `first_name`, `organisation_name`, `email_address`, `customer_id`) VALUES ('430-697-4899', '652 Damion Garden\nWaelchibury,', 'j', 'Windler', 'pariatur', 'West Allie', '3183ebd18b879794c113e4cbe4c1e0797ae1251f', 'Madagascar', 'Rickie', 'Green, Lynch and Effertz', 'rafaela.donnelly@example.org', '38');
INSERT INTO `Customers` (`phone_bigint`, `address`, `middle_initial`, `last_name`, `login_name`, `town_city`, `login_password`, `country`, `first_name`, `organisation_name`, `email_address`, `customer_id`) VALUES ('06501080178', '346 Dewayne Ways Apt. 585\nFrit', 'f', 'Green', 'neque', 'South Sebastianside', 'b7435e52bf9572edc22cdb565fbed44648effd99', 'Georgia', 'Lila', 'Tromp-Krajcik', 'america.boyle@example.com', '48');
INSERT INTO `Customers` (`phone_bigint`, `address`, `middle_initial`, `last_name`, `login_name`, `town_city`, `login_password`, `country`, `first_name`, `organisation_name`, `email_address`, `customer_id`) VALUES ('780.799.2686x64260', '2370 Monroe Keys Suite 945\nMor', 'f', 'Boyle', 'commodi', 'Shieldsburgh', '0722daa406ad06b0838166e9cca6ca6f2cad7f8f', 'Faroe Islands', 'Monique', 'Bernier-Mills', 'justina.rosenbaum@example.com', '61');
INSERT INTO `Customers` (`phone_bigint`, `address`, `middle_initial`, `last_name`, `login_name`, `town_city`, `login_password`, `country`, `first_name`, `organisation_name`, `email_address`, `customer_id`) VALUES ('675-136-6379x723', '386 Maxine Rapid\nSadieberg, GA', 'o', 'Ondricka', 'dolorem', 'Casperland', 'a242d7a166d3fd4956a6d8c3394c66f7d08a13df', 'Slovakia (Slovak Republic)', 'Horacio', 'Veum-Hills', 'wzieme@example.net', '70');
INSERT INTO `Customers` (`phone_bigint`, `address`, `middle_initial`, `last_name`, `login_name`, `town_city`, `login_password`, `country`, `first_name`, `organisation_name`, `email_address`, `customer_id`) VALUES ('879-992-7404', '664 Urban Junction\nLake Stepho', 'i', 'Hudson', 'exercitationem', 'Port Rosaleeton', 'cb9830bbd8227d0d4b04f7088c08b5c731078795', 'Faroe Islands', 'Obie', 'Mayert Inc', 'willa.shields@example.com', '75');
INSERT INTO `Customers` (`phone_bigint`, `address`, `middle_initial`, `last_name`, `login_name`, `town_city`, `login_password`, `country`, `first_name`, `organisation_name`, `email_address`, `customer_id`) VALUES ('1-759-872-4615', '43470 Krystina Turnpike\nWest A', 'y', 'Metz', 'minus', 'Lake Margueritefurt', '7498406d244e7918456765f696ee482fa97fccca', 'Gambia', 'Benny', 'Langworth-Kemmer', 'stanton.eliseo@example.net', '88');
INSERT INTO `Customers` (`phone_bigint`, `address`, `middle_initial`, `last_name`, `login_name`, `town_city`, `login_password`, `country`, `first_name`, `organisation_name`, `email_address`, `customer_id`) VALUES ('+41(7)0211774880', '54581 Hagenes Burg\nNew Charley', 'i', 'Windler', 'debitis', 'Percytown', 'fa0c48fc1c21c905d8f6c65a33109fa8cb96826d', 'Georgia', 'Polly', 'Feeney, Thiel and Nolan', 'fbalistreri@example.com', '95');
INSERT INTO `Customers` (`phone_bigint`, `address`, `middle_initial`, `last_name`, `login_name`, `town_city`, `login_password`, `country`, `first_name`, `organisation_name`, `email_address`, `customer_id`) VALUES ('563.997.3281x38213', '7630 Gleichner Passage\nLemkebu', 'p', 'Herman', 'eos', 'Marlinmouth', '71e422774a59e00b0ed7d2e6b3dd15549ec81e76', 'Macao', 'Rudy', 'Schumm, Oberbrunner and Denesik', 'tremaine.ullrich@example.net', '97');
INSERT INTO `Customers` (`phone_bigint`, `address`, `middle_initial`, `last_name`, `login_name`, `town_city`, `login_password`, `country`, `first_name`, `organisation_name`, `email_address`, `customer_id`) VALUES ('786-864-8095x7467', '2405 Dariana Via Apt. 400\nPier', 'o', 'Armstrong', 'aspernatur', 'Lake Rowena', '05d268c5250091f340e0b929fec469baee82e9ad', 'Lebanon', 'Madisyn', 'Hoppe, Bode and Klein', 'zulauf.gladyce@example.net', '98');
INSERT INTO `Customers` (`phone_bigint`, `address`, `middle_initial`, `last_name`, `login_name`, `town_city`, `login_password`, `country`, `first_name`, `organisation_name`, `email_address`, `customer_id`) VALUES ('(044)975-0876x0801', '33600 Shany Rue\nWest Emmy, ME ', 'i', 'Bogisich', 'similique', 'Lake Kiana', 'e22e76e70fb719e629902e4fc1564118346cf5b4', 'Gambia', 'Leland', 'Lind, Blick and Muller', 'hgrant@example.net', '99');
INSERT INTO `Customers` (`phone_bigint`, `address`, `middle_initial`, `last_name`, `login_name`, `town_city`, `login_password`, `country`, `first_name`, `organisation_name`, `email_address`, `customer_id`) VALUES ('1-212-613-9844x3096', '238 Brown Plains\nNew Jensenhav', 'k', 'Schroeder', 'quia', 'North Darian', 'f42f5c8d6fa0cd6a554a1c48ca168e8319b3a1c2', 'French Polynesia', 'Asa', 'Pfeffer Inc', 'rnader@example.org', '119');
INSERT INTO `Customers` (`phone_bigint`, `address`, `middle_initial`, `last_name`, `login_name`, `town_city`, `login_password`, `country`, `first_name`, `organisation_name`, `email_address`, `customer_id`) VALUES ('698.221.5013', '48522 Shane Pines Apt. 726\nRub', 'z', 'Larkin', 'iusto', 'Schadenville', 'df4fafe0d1f30509a972c79bc7b01cac8a79bf40', 'Norfolk Island', 'Maeve', 'Ortiz Inc', 'hudson.colby@example.org', '152');
INSERT INTO `Customers` (`phone_bigint`, `address`, `middle_initial`, `last_name`, `login_name`, `town_city`, `login_password`, `country`, `first_name`, `organisation_name`, `email_address`, `customer_id`) VALUES ('1-154-856-1118x36593', '28668 Newton Orchard Apt. 475\n', 'n', 'Gislason', 'voluptatem', 'Ardellaside', '9223bbcb9c2a176843ce81e15f0a946e255d9d99', 'Sweden', 'Cordell', 'Kling, Nienow and Harris', 'wellington.swift@example.org', '177');
INSERT INTO `Customers` (`phone_bigint`, `address`, `middle_initial`, `last_name`, `login_name`, `town_city`, `login_password`, `country`, `first_name`, `organisation_name`, `email_address`, `customer_id`) VALUES ('(042)092-1115x8404', '91828 Batz Lodge Apt. 389\nPort', 's', 'Jones', 'ad', 'Mckaylaview', 'b5c0ba7cf3dcf2b9dedb0e1ebfddcff91edd8e8e', 'Mongolia', 'Immanuel', 'Pacocha, Ryan and Bode', 'uwillms@example.org', '262');
INSERT INTO `Customers` (`phone_bigint`, `address`, `middle_initial`, `last_name`, `login_name`, `town_city`, `login_password`, `country`, `first_name`, `organisation_name`, `email_address`, `customer_id`) VALUES ('(975)987-4681x30363', '1880 Conroy Manor\nBradtkemouth', 'g', 'Heidenreich', 'ducimus', 'Karlieview', '0e8549b517a156ce4a367747367bdcc83f495813', 'Cameroon', 'Maximillian', 'McKenzie Inc', 'swaniawski.kailyn@example.org', '318');
INSERT INTO `Customers` (`phone_bigint`, `address`, `middle_initial`, `last_name`, `login_name`, `town_city`, `login_password`, `country`, `first_name`, `organisation_name`, `email_address`, `customer_id`) VALUES ('226.166.3838x45126', '5325 Rath Burgs Suite 295\nErna', 's', 'Toy', 'iure', 'Greenholtfurt', 'aac7073384f9733ec9a22356ca657be1429d2e2d', 'Pitcairn Islands', 'Rebeca', 'Mayer-Bayer', 'titus58@example.com', '376');
INSERT INTO `Customers` (`phone_bigint`, `address`, `middle_initial`, `last_name`, `login_name`, `town_city`, `login_password`, `country`, `first_name`, `organisation_name`, `email_address`, `customer_id`) VALUES ('1-710-903-8582x574', '168 Haylie Plain\nHauckfurt, NJ', 'c', 'Lowe', 'non', 'East Woodrowmouth', '5f229d91f8a533a9cdbf827621f8668312d1e978', 'Colombia', 'Shea', 'Kshlerin, O\'Connell and Blanda', 'qsteuber@example.com', '435');
INSERT INTO `Customers` (`phone_bigint`, `address`, `middle_initial`, `last_name`, `login_name`, `town_city`, `login_password`, `country`, `first_name`, `organisation_name`, `email_address`, `customer_id`) VALUES ('338-683-4183', '49274 Koepp Camp Suite 272\nRos', 'f', 'Walker', 'eum', 'North Rudy', '67d3f8cc239be78a396cd1be60bec24a43dfaa83', 'Greenland', 'Tania', 'Huel-Jast', 'rocky63@example.com', '526');
INSERT INTO `Customers` (`phone_bigint`, `address`, `middle_initial`, `last_name`, `login_name`, `town_city`, `login_password`, `country`, `first_name`, `organisation_name`, `email_address`, `customer_id`) VALUES ('746-703-2393', '3516 Koelpin Ridges Apt. 864\nR', 'e', 'Erdman', 'aut', 'Port Ladariusfort', '0f35492ff9561b2f910becf27a1ad5fc103269df', 'Saudi Arabia', 'Orin', 'Gutmann, Sauer and Kiehn', 'batz.michale@example.org', '621');
INSERT INTO `Customers` (`phone_bigint`, `address`, `middle_initial`, `last_name`, `login_name`, `town_city`, `login_password`, `country`, `first_name`, `organisation_name`, `email_address`, `customer_id`) VALUES ('1-851-360-1711x0584', '806 Waelchi Knoll\nJustonfurt, ', 'q', 'Wolf', 'vel', 'Lake Cliffordside', 'c53b6bd1838461ae322a7dfbe87236d37faad266', 'Yemen', 'Marcellus', 'Heaney, Becker and Mosciski', 'nhilpert@example.org', '624');
INSERT INTO `Customers` (`phone_bigint`, `address`, `middle_initial`, `last_name`, `login_name`, `town_city`, `login_password`, `country`, `first_name`, `organisation_name`, `email_address`, `customer_id`) VALUES ('054.170.6210x2517', '3789 Ward Knoll Suite 103\nJaco', 'u', 'Cassin', 'maiores', 'East Sam', '78e27405ef3316bb65f075a5fca60a3b165b1b27', 'Cayman Islands', 'Nelson', 'Jakubowski-Graham', 'nluettgen@example.org', '712');
INSERT INTO `Customers` (`phone_bigint`, `address`, `middle_initial`, `last_name`, `login_name`, `town_city`, `login_password`, `country`, `first_name`, `organisation_name`, `email_address`, `customer_id`) VALUES ('(274)743-1295', '242 Freddy Station\nWest Akeem,', 'e', 'Cremin', 'deleniti', 'West Sophiahaven', 'b852aa2f8bf1f9b1a940726744a2728f4f19b677', 'Kazakhstan', 'Cristian', 'Shields, Reynolds and Zemlak', 'larissa.mraz@example.com', '727');
INSERT INTO `Customers` (`phone_bigint`, `address`, `middle_initial`, `last_name`, `login_name`, `town_city`, `login_password`, `country`, `first_name`, `organisation_name`, `email_address`, `customer_id`) VALUES ('613-949-8535', '8641 Lysanne Burg\nSouth Amanit', 'c', 'Kovacek', 'omnis', 'Lauryland', '0f2a3b56f51af4773e5f522f2b262c4512f388b8', 'Afghanistan', 'Armand', 'Kemmer, Stroman and Lehner', 'tpfeffer@example.com', '886');
INSERT INTO `Customers` (`phone_bigint`, `address`, `middle_initial`, `last_name`, `login_name`, `town_city`, `login_password`, `country`, `first_name`, `organisation_name`, `email_address`, `customer_id`) VALUES ('359-390-4640', '397 Nicolette Shoals Suite 685', 'b', 'Reilly', 'eligendi', 'Port Jalen', 'a0d0e310fd9c6ba888a0effa46196d34aa28a38a', 'Christmas Island', 'Joe', 'Howell, Mayert and Stoltenberg', 'trystan41@example.com', '2339');
INSERT INTO `Customers` (`phone_bigint`, `address`, `middle_initial`, `last_name`, `login_name`, `town_city`, `login_password`, `country`, `first_name`, `organisation_name`, `email_address`, `customer_id`) VALUES ('(286)713-5209', '7714 West Walk Suite 498\nWest ', 'r', 'O\'Hara', 'molestiae', 'Lake Percival', 'bf162bcc6031ebb9c7d1844ca565bf6125de0d5c', 'Taiwan', 'Johann', 'Boehm and Sons', 'hsipes@example.net', '2514');
INSERT INTO `Customers` (`phone_bigint`, `address`, `middle_initial`, `last_name`, `login_name`, `town_city`, `login_password`, `country`, `first_name`, `organisation_name`, `email_address`, `customer_id`) VALUES ('09575654952', '4990 Zulauf Streets Apt. 721\nL', 'y', 'Lowe', 'facilis', 'New Lucioville', '3123282171145928f25db09d6e5cc5ed4030b8ef', 'Cameroon', 'Citlalli', 'Howe, Volkman and Greenfelder', 'chester.bergstrom@example.net', '3060');
INSERT INTO `Customers` (`phone_bigint`, `address`, `middle_initial`, `last_name`, `login_name`, `town_city`, `login_password`, `country`, `first_name`, `organisation_name`, `email_address`, `customer_id`) VALUES ('043-890-9835x87023', '8045 Alek Estate Apt. 139\nEast', 'w', 'Volkman', 'excepturi', 'Doylemouth', '7b399ebff52358412d79f00ec72f98a14897c4f5', 'French Southern Territories', 'Katrina', 'Gleason, Medhurst and Yost', 'gussie.klocko@example.com', '3860');
INSERT INTO `Customers` (`phone_bigint`, `address`, `middle_initial`, `last_name`, `login_name`, `town_city`, `login_password`, `country`, `first_name`, `organisation_name`, `email_address`, `customer_id`) VALUES ('+19(7)3582611282', '65306 Roob Mills Suite 525\nNor', 'i', 'Heidenreich', 'itaque', 'Langworthton', '7297c6076deb90d93758769ea0a8dfe0f4552c4d', 'Vietnam', 'Kathlyn', 'Barton, Ullrich and Mitchell', 'zorn@example.com', '4734');
INSERT INTO `Customers` (`phone_bigint`, `address`, `middle_initial`, `last_name`, `login_name`, `town_city`, `login_password`, `country`, `first_name`, `organisation_name`, `email_address`, `customer_id`) VALUES ('(785)897-5396x2589', '0274 Mireya Islands Suite 151\n', 'p', 'Hessel', 'quam', 'Jastfort', '4de9d9ea1d9f46852d02f4f006daa9c654ee80b9', 'France', 'Reyna', 'Hudson-Langworth', 'vergie.lang@example.net', '5466');
INSERT INTO `Customers` (`phone_bigint`, `address`, `middle_initial`, `last_name`, `login_name`, `town_city`, `login_password`, `country`, `first_name`, `organisation_name`, `email_address`, `customer_id`) VALUES ('07361132951', '8316 Skye Freeway Apt. 511\nWes', 'r', 'Hegmann', 'quidem', 'Lake Rickie', '8257046e4ebaf2328dfb314d2dbf73f507b2748a', 'Myanmar', 'Carson', 'Kunze-Cummerata', 'hegmann.kieran@example.net', '6332');
INSERT INTO `Customers` (`phone_bigint`, `address`, `middle_initial`, `last_name`, `login_name`, `town_city`, `login_password`, `country`, `first_name`, `organisation_name`, `email_address`, `customer_id`) VALUES ('008-616-7743x5878', '43277 O\'Hara Village Apt. 821\n', 'j', 'Larkin', 'totam', 'Jarenfurt', '75921b52a7fd6b6e8db03474bc648395459bcdf1', 'Jordan', 'Sally', 'Kuhlman LLC', 'cfriesen@example.com', '6906');
INSERT INTO `Customers` (`phone_bigint`, `address`, `middle_initial`, `last_name`, `login_name`, `town_city`, `login_password`, `country`, `first_name`, `organisation_name`, `email_address`, `customer_id`) VALUES ('317.118.5903', '077 Klocko Heights Apt. 952\nNe', 's', 'Carroll', 'ipsam', 'West Jayceeberg', '6abff8100fadc4ca108f33a4258e9afd6c25d9ed', 'Netherlands Antilles', 'Vivienne', 'Turner Ltd', 'viva.parker@example.org', '9160');
INSERT INTO `Customers` (`phone_bigint`, `address`, `middle_initial`, `last_name`, `login_name`, `town_city`, `login_password`, `country`, `first_name`, `organisation_name`, `email_address`, `customer_id`) VALUES ('289.187.5086', '54738 Reichel Junctions Apt. 6', 'm', 'Hermiston', 'nulla', 'East Madisonstad', '7b0adc0ff1d82508d20e9738221eb7df5718735d', 'Brazil', 'Krystel', 'Stark-Predovic', 'dayton.hirthe@example.net', '9492');
INSERT INTO `Customers` (`phone_bigint`, `address`, `middle_initial`, `last_name`, `login_name`, `town_city`, `login_password`, `country`, `first_name`, `organisation_name`, `email_address`, `customer_id`) VALUES ('720.512.8077x751', '0938 Lubowitz Station\nEzekielp', 'c', 'Goldner', 'sit', 'Yolandafort', '7f82b1cdb1fd8a7b786f53d4c0c02231ba482847', 'Sierra Leone', 'Dorthy', 'Langworth-Langosh', 'orie.weber@example.com', '20195');
INSERT INTO `Customers` (`phone_bigint`, `address`, `middle_initial`, `last_name`, `login_name`, `town_city`, `login_password`, `country`, `first_name`, `organisation_name`, `email_address`, `customer_id`) VALUES ('(502)331-0976', '483 Meta Landing Apt. 640\nPort', 'g', 'Torphy', 'velit', 'New Travonborough', '04e058651ac496c051c2f97d7a9202787c91e243', 'Bermuda', 'Lorna', 'Ernser-Bartell', 'junior18@example.com', '23641');
INSERT INTO `Customers` (`phone_bigint`, `address`, `middle_initial`, `last_name`, `login_name`, `town_city`, `login_password`, `country`, `first_name`, `organisation_name`, `email_address`, `customer_id`) VALUES ('(250)620-5203x202', '60506 Dietrich Row Apt. 859\nEa', 'w', 'Jakubowski', 'sint', 'Powlowskiborough', 'ccbd03f7a031b32939bcdf8189d65d8dd91a92ba', 'Canada', 'Nico', 'Murray-Orn', 'buford26@example.org', '28282');
INSERT INTO `Customers` (`phone_bigint`, `address`, `middle_initial`, `last_name`, `login_name`, `town_city`, `login_password`, `country`, `first_name`, `organisation_name`, `email_address`, `customer_id`) VALUES ('703.659.2980x339', '848 Quentin Locks Suite 682\nJo', 'o', 'Grady', 'accusamus', 'Lake Margie', '07628e63865d62e46f6c21e3446783420da8fe05', 'Croatia', 'Aurelio', 'Harber-Lebsack', 'caleigh.ziemann@example.com', '29784');
INSERT INTO `Customers` (`phone_bigint`, `address`, `middle_initial`, `last_name`, `login_name`, `town_city`, `login_password`, `country`, `first_name`, `organisation_name`, `email_address`, `customer_id`) VALUES ('(814)761-7238x63081', '79340 Faustino Street\nEast Don', 'f', 'Lind', 'provident', 'New Clementinemouth', '347bbde0f704a242bb1ebba3114b827be06d45e9', 'Saint Kitts and Nevis', 'Raleigh', 'Paucek-Mills', 'wyman91@example.com', '34059');
INSERT INTO `Customers` (`phone_bigint`, `address`, `middle_initial`, `last_name`, `login_name`, `town_city`, `login_password`, `country`, `first_name`, `organisation_name`, `email_address`, `customer_id`) VALUES ('1-141-624-8003x173', '39859 Ephraim Glen Suite 425\nE', 'p', 'Murazik', 'voluptatibus', 'Port Reva', '1966a6dea97bd47ce44338d739aeccb3e4680398', 'Svalbard & Jan Mayen Islands', 'Consuelo', 'Kuhlman-Reichert', 'susana.baumbach@example.com', '56904');
INSERT INTO `Customers` (`phone_bigint`, `address`, `middle_initial`, `last_name`, `login_name`, `town_city`, `login_password`, `country`, `first_name`, `organisation_name`, `email_address`, `customer_id`) VALUES ('273-655-5458x1820', '2622 Rosamond Fort\nTheodorepor', 'h', 'Murphy', 'deserunt', 'Collierside', '00cfa136653b5564f9f21574d72dff3c3077e94f', 'Saint Pierre and Miquelon', 'Morgan', 'Dooley LLC', 'graham.ardith@example.org', '63756');
INSERT INTO `Customers` (`phone_bigint`, `address`, `middle_initial`, `last_name`, `login_name`, `town_city`, `login_password`, `country`, `first_name`, `organisation_name`, `email_address`, `customer_id`) VALUES ('(315)219-1353x332', '6507 Loma Dam\nLake Stantonside', 'l', 'Rolfson', 'incidunt', 'West Nichole', '265094cfb77c57e16ef72042a7cbddee6f4bac52', 'Macao', 'Rashawn', 'Boyer and Sons', 'hassan.hartmann@example.org', '82961');
INSERT INTO `Customers` (`phone_bigint`, `address`, `middle_initial`, `last_name`, `login_name`, `town_city`, `login_password`, `country`, `first_name`, `organisation_name`, `email_address`, `customer_id`) VALUES ('030.865.1627x43883', '22657 Hansen Valleys Apt. 132\n', 'a', 'Swift', 'aliquam', 'West Howardton', '7e530dd02959b69045fe9b7cc41fd6f60a69804b', 'Iceland', 'Austen', 'Wiegand, Wisozk and Koch', 'amalia84@example.net', '84948');
INSERT INTO `Customers` (`phone_bigint`, `address`, `middle_initial`, `last_name`, `login_name`, `town_city`, `login_password`, `country`, `first_name`, `organisation_name`, `email_address`, `customer_id`) VALUES ('1-706-405-3457', '95240 Ayana Port\nBartellview, ', 'y', 'Champlin', 'quos', 'Reingerhaven', '1d212d245dbb3cd70c92b9eac3c33647c6fe7ae6', 'Mali', 'Rhoda', 'Ankunding-Kub', 'claudie.jacobi@example.org', '88416');
INSERT INTO `Customers` (`phone_bigint`, `address`, `middle_initial`, `last_name`, `login_name`, `town_city`, `login_password`, `country`, `first_name`, `organisation_name`, `email_address`, `customer_id`) VALUES ('890-097-2889x593', '34651 Koss Forge\nPearlland, IA', 'q', 'Hickle', 'fugiat', 'New Santinamouth', '84c5b3ab07627be3fb5ad74412ca1a350f1a36d3', 'American Samoa', 'Madeline', 'Haag-Lindgren', 'kurtis45@example.net', '91613');
INSERT INTO `Customers` (`phone_bigint`, `address`, `middle_initial`, `last_name`, `login_name`, `town_city`, `login_password`, `country`, `first_name`, `organisation_name`, `email_address`, `customer_id`) VALUES ('625-949-8708x2794', '88679 Bode Prairie\nAmaniland, ', 'l', 'Volkman', 'placeat', 'Gabrielleview', 'f515ed3a3bea7e4763f38a05c53d46c9b1a676c7', 'Armenia', 'Abbey', 'Witting-Crist', 'herman.ernestina@example.com', '93016');
INSERT INTO `Customers` (`phone_bigint`, `address`, `middle_initial`, `last_name`, `login_name`, `town_city`, `login_password`, `country`, `first_name`, `organisation_name`, `email_address`, `customer_id`) VALUES ('790-252-1919', '631 Adrienne Row\nEichmannton, ', 'c', 'Bergnaum', 'est', 'New Alfreda', 'a00da3c9df880e64d1db76ac8e98b8e73460990f', 'Zimbabwe', 'Isabelle', 'Murray LLC', 'nkovacek@example.org', '94115');
INSERT INTO `Customers` (`phone_bigint`, `address`, `middle_initial`, `last_name`, `login_name`, `town_city`, `login_password`, `country`, `first_name`, `organisation_name`, `email_address`, `customer_id`) VALUES ('1-858-370-0207', '27635 Kemmer Shoal\nEast Kim, H', 'g', 'Klein', 'repellendus', 'East Ardith', '5b0990e32fb22d1731c3cb3a6240a1aef279046d', 'Jamaica', 'Vicente', 'Wunsch-Murazik', 'fschamberger@example.net', '156702');
INSERT INTO `Customers` (`phone_bigint`, `address`, `middle_initial`, `last_name`, `login_name`, `town_city`, `login_password`, `country`, `first_name`, `organisation_name`, `email_address`, `customer_id`) VALUES ('1-146-413-2263', '03508 Kovacek Greens\nHaleighbe', 'i', 'O\'Keefe', 'nam', 'East Ova', '6a2c31d7ae82094f3a4348bb46e3ba588f86493c', 'British Indian Ocean Territory (Chagos Archipelago', 'Trey', 'Hilll-Hettinger', 'abshire.alize@example.org', '166997');
INSERT INTO `Customers` (`phone_bigint`, `address`, `middle_initial`, `last_name`, `login_name`, `town_city`, `login_password`, `country`, `first_name`, `organisation_name`, `email_address`, `customer_id`) VALUES ('08246950093', '1997 Adele Forges\nKlockobury, ', 'x', 'Nienow', 'voluptatum', 'Lake Joaquin', '996463c81f2aa7f01bba36e53a8ac5150d32918d', 'Guadeloupe', 'Bailee', 'Hudson, Wiza and Corwin', 'carlo98@example.net', '358103');
INSERT INTO `Customers` (`phone_bigint`, `address`, `middle_initial`, `last_name`, `login_name`, `town_city`, `login_password`, `country`, `first_name`, `organisation_name`, `email_address`, `customer_id`) VALUES ('1-347-463-4416x7163', '52660 Rose Courts Apt. 314\nLin', 'k', 'Grant', 'fuga', 'Port Margarett', 'e2fe7b1a3609b8fc76bf8c64b2ab2335f494e8af', 'Ghana', 'Frank', 'Flatley-Ziemann', 'una.senger@example.com', '617711');
INSERT INTO `Customers` (`phone_bigint`, `address`, `middle_initial`, `last_name`, `login_name`, `town_city`, `login_password`, `country`, `first_name`, `organisation_name`, `email_address`, `customer_id`) VALUES ('293-666-6064x1357', '930 O\'Keefe Grove\nWest Fletche', 'n', 'Boyle', 'perspiciatis', 'West Harley', 'a06e0feba667001862f7a2b85b6db46c3062a163', 'Guadeloupe', 'Audra', 'West, Rogahn and Grady', 'mitchell.dayana@example.com', '646834');
INSERT INTO `Customers` (`phone_bigint`, `address`, `middle_initial`, `last_name`, `login_name`, `town_city`, `login_password`, `country`, `first_name`, `organisation_name`, `email_address`, `customer_id`) VALUES ('1-638-869-9600x08842', '57371 VonRueden Forge\nPort Sha', 'x', 'Breitenberg', 'labore', 'North Fermin', '693f265a07896ab178e28d55ce2d0c287bef6231', 'Oman', 'Leo', 'Bosco Inc', 'khalid11@example.org', '1056366');
INSERT INTO `Customers` (`phone_bigint`, `address`, `middle_initial`, `last_name`, `login_name`, `town_city`, `login_password`, `country`, `first_name`, `organisation_name`, `email_address`, `customer_id`) VALUES ('566-625-8526x849', '915 Oswaldo Island\nAgustinhave', 'l', 'DuBuque', 'earum', 'Lake Gerhard', 'a6a6dd440515e59e2f7bf821d92f2d8b7d26c561', 'Iceland', 'Vidal', 'Hermann Group', 'hegmann.rosalee@example.com', '2038540');
INSERT INTO `Customers` (`phone_bigint`, `address`, `middle_initial`, `last_name`, `login_name`, `town_city`, `login_password`, `country`, `first_name`, `organisation_name`, `email_address`, `customer_id`) VALUES ('933-213-6061', '86037 Godfrey Corners Suite 57', 'u', 'O\'Hara', 'voluptates', 'Peggiefurt', '10c25c7a50b2af3948ccf985ce8d07518aadc35f', 'Cape Verde', 'Matilde', 'O\'Connell-Emard', 'daniela.osinski@example.net', '2522125');
INSERT INTO `Customers` (`phone_bigint`, `address`, `middle_initial`, `last_name`, `login_name`, `town_city`, `login_password`, `country`, `first_name`, `organisation_name`, `email_address`, `customer_id`) VALUES ('1-042-503-5847x4985', '07108 Herzog Crest Apt. 349\nSi', 'r', 'Medhurst', 'accusantium', 'Lake Kamronchester', 'c030a2c5fd8190c1c038a5bed98a43cd2bb90afc', 'Estonia', 'Rowena', 'Mills, McClure and Spinka', 'joanny.bednar@example.org', '2871318');
INSERT INTO `Customers` (`phone_bigint`, `address`, `middle_initial`, `last_name`, `login_name`, `town_city`, `login_password`, `country`, `first_name`, `organisation_name`, `email_address`, `customer_id`) VALUES ('681-900-9340x664', '248 Hettie Burgs\nAlbertville, ', 'l', 'Block', 'impedit', 'Lake Estellaton', '97686871471e3f1e1031eee1d241beb4c457355f', 'Isle of Man', 'Garnet', 'Doyle-Marks', 'cole.rodrigo@example.org', '3759201');
INSERT INTO `Customers` (`phone_bigint`, `address`, `middle_initial`, `last_name`, `login_name`, `town_city`, `login_password`, `country`, `first_name`, `organisation_name`, `email_address`, `customer_id`) VALUES ('228-134-1968', '3240 Mertz Flat Suite 592\nDean', 'w', 'Williamson', 'perferendis', 'Lake Filibertoborough', '2c71812dd75c75b470d4749c2536f911c5fa2a33', 'Spain', 'Aliyah', 'Becker, Mills and Jenkins', 'summer.bednar@example.net', '3819734');
INSERT INTO `Customers` (`phone_bigint`, `address`, `middle_initial`, `last_name`, `login_name`, `town_city`, `login_password`, `country`, `first_name`, `organisation_name`, `email_address`, `customer_id`) VALUES ('02091968111', '0762 Gracie Forest Apt. 776\nAl', 'g', 'Rempel', 'eaque', 'South Hannaton', '1d97f3c827434b843222c540472ee267dd7e28a9', 'France', 'Amir', 'Anderson and Sons', 'kuphal.filiberto@example.net', '4050754');
INSERT INTO `Customers` (`phone_bigint`, `address`, `middle_initial`, `last_name`, `login_name`, `town_city`, `login_password`, `country`, `first_name`, `organisation_name`, `email_address`, `customer_id`) VALUES ('(988)119-3805x979', '248 Gay Landing\nTorphyshire, W', 'v', 'Funk', 'reiciendis', 'Caleighton', 'd0a0e5915bf379b4a1d00052bbf1ff233d93a9b0', 'Ireland', 'Nicole', 'Rath-Witting', 'esta39@example.net', '4263064');
INSERT INTO `Customers` (`phone_bigint`, `address`, `middle_initial`, `last_name`, `login_name`, `town_city`, `login_password`, `country`, `first_name`, `organisation_name`, `email_address`, `customer_id`) VALUES ('866-829-7457x800', '7504 Kutch Parkways\nDickinsonv', 'n', 'Rice', 'unde', 'Aufderharbury', '38728def72af30b90ca436ddbc0c47a653fc58cf', 'Dominican Republic', 'Heidi', 'Waelchi PLC', 'pjast@example.net', '5086992');
INSERT INTO `Customers` (`phone_bigint`, `address`, `middle_initial`, `last_name`, `login_name`, `town_city`, `login_password`, `country`, `first_name`, `organisation_name`, `email_address`, `customer_id`) VALUES ('979-536-6296x160', '0667 Grant Canyon\nMcLaughlinto', 'q', 'Koelpin', 'aperiam', 'Roobstad', 'cd839c4a8538027569ecaa1b92de3f7ac227519d', 'Macedonia', 'Alena', 'Dare-Barrows', 'josue47@example.com', '5293391');
INSERT INTO `Customers` (`phone_bigint`, `address`, `middle_initial`, `last_name`, `login_name`, `town_city`, `login_password`, `country`, `first_name`, `organisation_name`, `email_address`, `customer_id`) VALUES ('(476)376-5082x7909', '6672 Barbara Meadow\nXzaviertow', 'c', 'Mertz', 'enim', 'New Demarcus', 'c0ab3a0760ad275b2e9f8d3db46a9a643aeb2b06', 'Palau', 'Flossie', 'Funk, Batz and Kerluke', 'smith.valentine@example.com', '7758398');
INSERT INTO `Customers` (`phone_bigint`, `address`, `middle_initial`, `last_name`, `login_name`, `town_city`, `login_password`, `country`, `first_name`, `organisation_name`, `email_address`, `customer_id`) VALUES ('018-507-0857x9088', '69914 Wintheiser Expressway\nKu', 's', 'Kub', 'officia', 'Lake Carter', '0837b4854286ea87eab945c8d88a1af287948a08', 'Burkina Faso', 'Reed', 'Moore, Rath and Bode', 'ronny.dare@example.net', '7803971');
INSERT INTO `Customers` (`phone_bigint`, `address`, `middle_initial`, `last_name`, `login_name`, `town_city`, `login_password`, `country`, `first_name`, `organisation_name`, `email_address`, `customer_id`) VALUES ('1-151-672-5181x8469', '984 Jamar Views\nPort Cristobal', 'm', 'Nolan', 'veniam', 'Dietrichchester', 'd4905c19c0480e28daae47801794178865f89c6f', 'Niue', 'Candice', 'Mohr, Mraz and Feil', 'kling.matteo@example.org', '8713827');
INSERT INTO `Customers` (`phone_bigint`, `address`, `middle_initial`, `last_name`, `login_name`, `town_city`, `login_password`, `country`, `first_name`, `organisation_name`, `email_address`, `customer_id`) VALUES ('043.484.5197', '1100 Hammes Inlet\nNew Spencer,', 's', 'Kreiger', 'et', 'Strackefurt', '17a9762c04ef0669d2e74085e8ed75a9ebde82fa', 'Bahamas', 'Asa', 'Dietrich, Kshlerin and Rippin', 'jessy43@example.org', '8719486');
INSERT INTO `Customers` (`phone_bigint`, `address`, `middle_initial`, `last_name`, `login_name`, `town_city`, `login_password`, `country`, `first_name`, `organisation_name`, `email_address`, `customer_id`) VALUES ('344.807.9520x88208', '929 Maiya Shores Apt. 299\nCrem', 'q', 'Conroy', 'expedita', 'Lake Benjaminfurt', '005e130830dd6535c53ffb91c09050815fbec02b', 'Somalia', 'Jamie', 'Carter, Gusikowski and Boehm', 'yschneider@example.org', '9188861');
INSERT INTO `Customers` (`phone_bigint`, `address`, `middle_initial`, `last_name`, `login_name`, `town_city`, `login_password`, `country`, `first_name`, `organisation_name`, `email_address`, `customer_id`) VALUES ('920-961-5674x4814', '1451 Frederik Shoals\nPort Raeb', 'f', 'Johns', 'id', 'Kuvalisland', '8c0f0336b1000afd9665c1d3468772f5d9b789b4', 'Yemen', 'Claud', 'Pouros Group', 'bret.white@example.com', '9200039');
INSERT INTO `Customers` (`phone_bigint`, `address`, `middle_initial`, `last_name`, `login_name`, `town_city`, `login_password`, `country`, `first_name`, `organisation_name`, `email_address`, `customer_id`) VALUES ('(325)416-6569', '7266 Angela Rapid\nPort Richmon', 'd', 'Botsford', 'ea', 'East Maybelle', 'ec3bfc19522067e26afee9e0d47598a2b87fffb8', 'Iceland', 'Winona', 'Ortiz-Langosh', 'casimir.parker@example.org', '9553161');
INSERT INTO `Customers` (`phone_bigint`, `address`, `middle_initial`, `last_name`, `login_name`, `town_city`, `login_password`, `country`, `first_name`, `organisation_name`, `email_address`, `customer_id`) VALUES ('558-160-3206x89627', '07833 Simone Springs Apt. 890\n', 'l', 'Veum', 'dicta', 'Royceland', '12e2eeed6ee5a1f2c01ded6251de2ed8b5914a7a', 'Spain', 'Princess', 'D\'Amore LLC', 'hoppe.forrest@example.com', '32632447');
INSERT INTO `Customers` (`phone_bigint`, `address`, `middle_initial`, `last_name`, `login_name`, `town_city`, `login_password`, `country`, `first_name`, `organisation_name`, `email_address`, `customer_id`) VALUES ('345-484-9289', '32903 Icie Turnpike Suite 583\n', 'n', 'Padberg', 'nemo', 'Jakubowskifort', '08ce7aab2e7f12ea5c4536d41ce65b679994074f', 'Falkland Islands (Malvinas)', 'Raoul', 'Abbott, Rempel and Zieme', 'little.brett@example.com', '40230583');
INSERT INTO `Customers` (`phone_bigint`, `address`, `middle_initial`, `last_name`, `login_name`, `town_city`, `login_password`, `country`, `first_name`, `organisation_name`, `email_address`, `customer_id`) VALUES ('02659372626', '66283 Wendell Haven Suite 293\n', 'u', 'Dickinson', 'error', 'North Alexamouth', '480985ad4f32e72631ee93ba0f5bd4b93e4caf4d', 'Falkland Islands (Malvinas)', 'Kelvin', 'Tremblay, Armstrong and Konopelski', 'adelbert70@example.net', '42944203');
INSERT INTO `Customers` (`phone_bigint`, `address`, `middle_initial`, `last_name`, `login_name`, `town_city`, `login_password`, `country`, `first_name`, `organisation_name`, `email_address`, `customer_id`) VALUES ('192.626.0073', '32907 Glover Flat\nSherwoodvill', 'q', 'Powlowski', 'necessitatibus', 'North Albertha', '90538fda36cc34ca1bd3e8c095d8f23ec7639db1', 'Mayotte', 'Gaetano', 'Lebsack Group', 'bauch.joesph@example.net', '44144543');
INSERT INTO `Customers` (`phone_bigint`, `address`, `middle_initial`, `last_name`, `login_name`, `town_city`, `login_password`, `country`, `first_name`, `organisation_name`, `email_address`, `customer_id`) VALUES ('745.503.9401x85113', '66575 Dayne Court Suite 789\nWe', 'f', 'Kshlerin', 'autem', 'Nolanborough', '95bf92dd2380c2310942664bf47bd2f8801cf8e1', 'Togo', 'Sheila', 'Kozey-Abernathy', 'ylarkin@example.com', '46090485');
INSERT INTO `Customers` (`phone_bigint`, `address`, `middle_initial`, `last_name`, `login_name`, `town_city`, `login_password`, `country`, `first_name`, `organisation_name`, `email_address`, `customer_id`) VALUES ('(567)139-2518', '61026 Llewellyn Run\nFarrellfur', 'b', 'Emard', 'inventore', 'South Antonetta', 'a0283cd9842fd74c104c84ed6df14ca1e8f15de3', 'Turkey', 'Joel', 'Klocko Inc', 'erna90@example.net', '48251946');
INSERT INTO `Customers` (`phone_bigint`, `address`, `middle_initial`, `last_name`, `login_name`, `town_city`, `login_password`, `country`, `first_name`, `organisation_name`, `email_address`, `customer_id`) VALUES ('608.024.9016x3947', '8332 Javier Bypass\nNeomaland, ', 'm', 'Kunze', 'adipisci', 'Kevinport', '19551a84759a645369530fd9ed83dcc2e2b6f3a9', 'Georgia', 'Tyreek', 'Hudson, Bins and Towne', 'jakubowski.zachary@example.com', '67297921');
INSERT INTO `Customers` (`phone_bigint`, `address`, `middle_initial`, `last_name`, `login_name`, `town_city`, `login_password`, `country`, `first_name`, `organisation_name`, `email_address`, `customer_id`) VALUES ('928-688-9747', '452 Antoinette Brook Apt. 854\n', 'm', 'Schmitt', 'voluptate', 'Aliaside', '71596e710d10847ae70e5293699a8cdbe280bab9', 'Mali', 'Georgianna', 'Leuschke, Boyle and Hodkiewicz', 'jonatan.dickens@example.com', '90146292');
INSERT INTO `Customers` (`phone_bigint`, `address`, `middle_initial`, `last_name`, `login_name`, `town_city`, `login_password`, `country`, `first_name`, `organisation_name`, `email_address`, `customer_id`) VALUES ('1-533-557-1092', '0877 Wunsch Forks\nPort Carolfo', 'i', 'Osinski', 'quis', 'South Devon', '10e5b2cccbf86428f310411f2f50eb46fc6620e3', 'Taiwan', 'Freida', 'Zieme LLC', 'dakota.collier@example.net', '94974475');
INSERT INTO `Customers` (`phone_bigint`, `address`, `middle_initial`, `last_name`, `login_name`, `town_city`, `login_password`, `country`, `first_name`, `organisation_name`, `email_address`, `customer_id`) VALUES ('683.674.3389x4914', '942 Monahan Crossroad\nStreichc', 'o', 'Champlin', 'dolorum', 'New Keatonfurt', '2b4a45ffaf4ed5743ef171f722ab91b3d245ebac', 'Portugal', 'Louvenia', 'Spinka, Walsh and Schaefer', 'feeney.ola@example.org', '95114886');
INSERT INTO `Customers` (`phone_bigint`, `address`, `middle_initial`, `last_name`, `login_name`, `town_city`, `login_password`, `country`, `first_name`, `organisation_name`, `email_address`, `customer_id`) VALUES ('1-177-717-1486', '74043 Orn Glen Apt. 248\nJastbo', 'v', 'Brakus', 'rerum', 'South Leopold', '043ec6f897035568716c9847e17bf8dd7d386247', 'Cameroon', 'Kelly', 'Stroman and Sons', 'keebler.jasper@example.org', '95131612');
INSERT INTO `Customers` (`phone_bigint`, `address`, `middle_initial`, `last_name`, `login_name`, `town_city`, `login_password`, `country`, `first_name`, `organisation_name`, `email_address`, `customer_id`) VALUES ('245-604-8875', '40206 Manley Row Apt. 161\nTobi', 'w', 'Dickens', 'nisi', 'New Ericka', 'e9e6b6eaa47f4f15110b821ab0feb1b7ed8ec0b9', 'Barbados', 'Silas', 'Larkin, Metz and Runolfsdottir', 'adaline10@example.com', '95885480');
INSERT INTO `Customers` (`phone_bigint`, `address`, `middle_initial`, `last_name`, `login_name`, `town_city`, `login_password`, `country`, `first_name`, `organisation_name`, `email_address`, `customer_id`) VALUES ('08007690844', '97074 Torphy Shores Suite 442\n', 'x', 'Boehm', 'sed', 'Lake Arielside', '853d145ffcbff1efe30795246a51ad147e99b4fb', 'Morocco', 'Raymond', 'Daugherty, Frami and Lehner', 'zjohnston@example.com', '96380853');
INSERT INTO `Customers` (`phone_bigint`, `address`, `middle_initial`, `last_name`, `login_name`, `town_city`, `login_password`, `country`, `first_name`, `organisation_name`, `email_address`, `customer_id`) VALUES ('362-970-6853x041', '0211 Arnulfo Lakes Suite 375\nN', 'w', 'Huel', 'ut', 'Lake Maceymouth', '6306666060ad7b69b52a509d0caa69c961e2c537', 'Uzbekistan', 'Marcos', 'Yundt, Kemmer and Kohler', 'friedrich.haley@example.org', '152374690');
INSERT INTO `Customers` (`phone_bigint`, `address`, `middle_initial`, `last_name`, `login_name`, `town_city`, `login_password`, `country`, `first_name`, `organisation_name`, `email_address`, `customer_id`) VALUES ('341-668-7017x8546', '43150 Zora Ramp\nEast Derekstad', 'h', 'Ziemann', 'ex', 'Ondrickaburgh', 'cbb8617a0b0cd57d3caa761eb9a4d80bf21ba327', 'Poland', 'Justina', 'Morissette, Lindgren and Hansen', 'peffertz@example.net', '177482705');
INSERT INTO `Customers` (`phone_bigint`, `address`, `middle_initial`, `last_name`, `login_name`, `town_city`, `login_password`, `country`, `first_name`, `organisation_name`, `email_address`, `customer_id`) VALUES ('(492)785-5670', '80011 Christiansen Island\nJavo', 'q', 'Krajcik', 'repellat', 'West Jesus', '63b1e3689134600cf09c89109dbbbf1b58a99d8e', 'Panama', 'Deonte', 'Heaney, McGlynn and Pacocha', 'hbechtelar@example.org', '178219919');
INSERT INTO `Customers` (`phone_bigint`, `address`, `middle_initial`, `last_name`, `login_name`, `town_city`, `login_password`, `country`, `first_name`, `organisation_name`, `email_address`, `customer_id`) VALUES ('1-594-324-9613x635', '226 Marquardt Island\nLenoraber', 'g', 'Wiegand', 'ipsum', 'Stromanburgh', 'c90bfe1c7ac61301d15148f52bf76df09bedf0b2', 'Burkina Faso', 'Buddy', 'McLaughlin, Ernser and Ankunding', 'sylvia.braun@example.org', '256390695');
INSERT INTO `Customers` (`phone_bigint`, `address`, `middle_initial`, `last_name`, `login_name`, `town_city`, `login_password`, `country`, `first_name`, `organisation_name`, `email_address`, `customer_id`) VALUES ('(775)699-3015x523', '2669 Lavina Via\nEast Elisabeth', 'b', 'Keeling', 'qui', 'Declanmouth', '11e7cff68f35fe0487f3a6e703e004a798ad6552', 'Timor-Leste', 'Savanna', 'Becker, Schneider and Hickle', 'wkris@example.com', '287507212');
INSERT INTO `Customers` (`phone_bigint`, `address`, `middle_initial`, `last_name`, `login_name`, `town_city`, `login_password`, `country`, `first_name`, `organisation_name`, `email_address`, `customer_id`) VALUES ('846-251-7528x06657', '229 Leann Point\nJustonville, I', 'c', 'Stracke', 'in', 'Huelsfurt', 'c5963a06cc4ae684f83c4ce3f7eb9d071e02de59', 'Palau', 'Reed', 'Lubowitz-Jacobson', 'erdman.cassandre@example.com', '430958228');
INSERT INTO `Customers` (`phone_bigint`, `address`, `middle_initial`, `last_name`, `login_name`, `town_city`, `login_password`, `country`, `first_name`, `organisation_name`, `email_address`, `customer_id`) VALUES ('394.072.8868', '544 Susie Course\nSawaynfort, I', 'c', 'Thompson', 'sunt', 'Gerlachville', '23a24deda08c16751c9a0643159a2adbef9bad8c', 'Senegal', 'Linwood', 'Shanahan-Ratke', 'predovic.breanne@example.net', '435874680');
INSERT INTO `Customers` (`phone_bigint`, `address`, `middle_initial`, `last_name`, `login_name`, `town_city`, `login_password`, `country`, `first_name`, `organisation_name`, `email_address`, `customer_id`) VALUES ('023.483.1332x26113', '838 Henry Prairie Apt. 647\nLak', 'i', 'Mills', 'maxime', 'Janyfurt', '113a4b6878d276cc374511e4ff8e5b3eb5d6a7d1', 'Serbia', 'Lynn', 'Ortiz, Walter and West', 'klocko.kyla@example.com', '549860648');
INSERT INTO `Customers` (`phone_bigint`, `address`, `middle_initial`, `last_name`, `login_name`, `town_city`, `login_password`, `country`, `first_name`, `organisation_name`, `email_address`, `customer_id`) VALUES ('179.306.0549', '1463 Treutel Rue Suite 453\nPor', 'q', 'Cummerata', 'natus', 'Port Javier', '15d05a1056097319fa55586b98b88771f6b9e46e', 'Iran', 'Jensen', 'Hartmann-Kulas', 'runolfsdottir.leonor@example.org', '809476312');
INSERT INTO `Customers` (`phone_bigint`, `address`, `middle_initial`, `last_name`, `login_name`, `town_city`, `login_password`, `country`, `first_name`, `organisation_name`, `email_address`, `customer_id`) VALUES ('(124)345-0463x4038', '542 Mossie Flats Apt. 721\nD\'an', 't', 'Gaylord', 'iste', 'East Treverfurt', '4cdcab88776001558c2804ccd6debf2e6aa0359f', 'Central African Republic', 'Josiane', 'DuBuque, Skiles and Beatty', 'ken.wolf@example.org', '930429899');
INSERT INTO `Customers` (`phone_bigint`, `address`, `middle_initial`, `last_name`, `login_name`, `town_city`, `login_password`, `country`, `first_name`, `organisation_name`, `email_address`, `customer_id`) VALUES ('588-930-6605', '3867 Conner Landing Apt. 732\nA', 'e', 'Block', 'voluptas', 'Legroschester', '48802585ba912cab557126a3fdb208a220983fad', 'Georgia', 'Gonzalo', 'Lakin-Larkin', 'smoen@example.net', '995687977');




INSERT INTO `Products` (`product_price`, `other_product_details`, `return_merchandise_authorization_nr`, `product_id`, `product_name`, `product_color`, `product_size`, `product_description`) VALUES ('2646', '', '0', '0', 'tempore', 'maroon', '4', 'Vel et nisi commodi tenetur aut et. Porro nemo et ');
INSERT INTO `Products` (`product_price`, `other_product_details`, `return_merchandise_authorization_nr`, `product_id`, `product_name`, `product_color`, `product_size`, `product_description`) VALUES ('2072', '', '1', '1', 'distinctio', 'teal', '4', 'Molestiae laudantium ut pariatur quidem est volupt');
INSERT INTO `Products` (`product_price`, `other_product_details`, `return_merchandise_authorization_nr`, `product_id`, `product_name`, `product_color`, `product_size`, `product_description`) VALUES ('2637', 'et', '9', '2', 'perspiciatis', 'olive', '3', 'Quas magnam corporis aperiam libero voluptate. Ea ');
INSERT INTO `Products` (`product_price`, `other_product_details`, `return_merchandise_authorization_nr`, `product_id`, `product_name`, `product_color`, `product_size`, `product_description`) VALUES ('204', '', '2', '3', 'aut', 'white', '9', 'Porro repudiandae aspernatur dolorem. Dolor nemo d');
INSERT INTO `Products` (`product_price`, `other_product_details`, `return_merchandise_authorization_nr`, `product_id`, `product_name`, `product_color`, `product_size`, `product_description`) VALUES ('3502', 'quibusdam', '3', '4', 'ut', 'navy', '4', 'Nam repudiandae officiis quis eos incidunt vero. R');
INSERT INTO `Products` (`product_price`, `other_product_details`, `return_merchandise_authorization_nr`, `product_id`, `product_name`, `product_color`, `product_size`, `product_description`) VALUES ('3951', '', '0', '5', 'numquam', 'white', '9', 'Sapiente voluptatem asperiores dolores ut consequu');
INSERT INTO `Products` (`product_price`, `other_product_details`, `return_merchandise_authorization_nr`, `product_id`, `product_name`, `product_color`, `product_size`, `product_description`) VALUES ('3648', '', '9', '6', 'autem', 'black', '9', 'Quia officiis architecto culpa amet at corrupti om');
INSERT INTO `Products` (`product_price`, `other_product_details`, `return_merchandise_authorization_nr`, `product_id`, `product_name`, `product_color`, `product_size`, `product_description`) VALUES ('2254', '', '1', '7', 'mollitia', 'yellow', '4', 'Voluptatem et dolor deserunt quam possimus. Eos fu');
INSERT INTO `Products` (`product_price`, `other_product_details`, `return_merchandise_authorization_nr`, `product_id`, `product_name`, `product_color`, `product_size`, `product_description`) VALUES ('2563', 'optio', '7', '11', 'qui', 'black', '6', 'Ea nihil quos velit cum exercitationem. Vitae eaqu');
INSERT INTO `Products` (`product_price`, `other_product_details`, `return_merchandise_authorization_nr`, `product_id`, `product_name`, `product_color`, `product_size`, `product_description`) VALUES ('2403', '', '5', '17', 'eum', 'gray', '1', 'Sed repellat voluptatem dolores quia quis. Numquam');
INSERT INTO `Products` (`product_price`, `other_product_details`, `return_merchandise_authorization_nr`, `product_id`, `product_name`, `product_color`, `product_size`, `product_description`) VALUES ('3394', 'et', '8', '25', 'deserunt', 'yellow', '8', 'Est deleniti asperiores rerum necessitatibus nostr');
INSERT INTO `Products` (`product_price`, `other_product_details`, `return_merchandise_authorization_nr`, `product_id`, `product_name`, `product_color`, `product_size`, `product_description`) VALUES ('469', '', '7', '36', 'beatae', 'gray', '6', 'Nihil neque porro consequatur consectetur enim mol');
INSERT INTO `Products` (`product_price`, `other_product_details`, `return_merchandise_authorization_nr`, `product_id`, `product_name`, `product_color`, `product_size`, `product_description`) VALUES ('1638', '', '2', '38', 'odit', 'maroon', '2', 'Repudiandae qui nobis eum fuga qui inventore. Debi');
INSERT INTO `Products` (`product_price`, `other_product_details`, `return_merchandise_authorization_nr`, `product_id`, `product_name`, `product_color`, `product_size`, `product_description`) VALUES ('2349', 'eaque', '6', '39', 'rerum', 'gray', '2', 'Sint delectus minima iure nobis voluptatem tempora');
INSERT INTO `Products` (`product_price`, `other_product_details`, `return_merchandise_authorization_nr`, `product_id`, `product_name`, `product_color`, `product_size`, `product_description`) VALUES ('2192', '', '1', '55', 'repudiandae', 'green', '5', 'Ut voluptatem sint aut voluptatibus accusamus veri');
INSERT INTO `Products` (`product_price`, `other_product_details`, `return_merchandise_authorization_nr`, `product_id`, `product_name`, `product_color`, `product_size`, `product_description`) VALUES ('3122', '', '3', '60', 'est', 'gray', '4', 'Voluptates dolorem in natus qui omnis. Saepe quia ');
INSERT INTO `Products` (`product_price`, `other_product_details`, `return_merchandise_authorization_nr`, `product_id`, `product_name`, `product_color`, `product_size`, `product_description`) VALUES ('2008', '', '3', '63', 'tempora', 'lime', '', 'At voluptate rerum et eos. Nostrum odio cum possim');
INSERT INTO `Products` (`product_price`, `other_product_details`, `return_merchandise_authorization_nr`, `product_id`, `product_name`, `product_color`, `product_size`, `product_description`) VALUES ('3536', 'itaque', '9', '76', 'excepturi', 'fuchsia', '1', 'Ut qui sed non repellat mollitia totam. Qui libero');
INSERT INTO `Products` (`product_price`, `other_product_details`, `return_merchandise_authorization_nr`, `product_id`, `product_name`, `product_color`, `product_size`, `product_description`) VALUES ('922', '', '5', '86', 'blanditiis', 'yellow', '7', 'Tenetur assumenda delectus perspiciatis facere asp');
INSERT INTO `Products` (`product_price`, `other_product_details`, `return_merchandise_authorization_nr`, `product_id`, `product_name`, `product_color`, `product_size`, `product_description`) VALUES ('1064', '', '1', '92', 'modi', 'aqua', '1', 'Et quo quia maiores dolore ea reiciendis rem. Reic');
INSERT INTO `Products` (`product_price`, `other_product_details`, `return_merchandise_authorization_nr`, `product_id`, `product_name`, `product_color`, `product_size`, `product_description`) VALUES ('1257', 'non', '1', '94', 'illum', 'aqua', '3', 'Nemo quasi quia nulla officiis. At autem rerum com');
INSERT INTO `Products` (`product_price`, `other_product_details`, `return_merchandise_authorization_nr`, `product_id`, `product_name`, `product_color`, `product_size`, `product_description`) VALUES ('2278', '', '1', '285', 'est', 'navy', '7', 'Natus mollitia pariatur tenetur repellendus qui a ');
INSERT INTO `Products` (`product_price`, `other_product_details`, `return_merchandise_authorization_nr`, `product_id`, `product_name`, `product_color`, `product_size`, `product_description`) VALUES ('2349', 'magni', '7', '511', 'non', 'navy', '6', 'Qui reiciendis hic vero veniam accusantium sed sun');
INSERT INTO `Products` (`product_price`, `other_product_details`, `return_merchandise_authorization_nr`, `product_id`, `product_name`, `product_color`, `product_size`, `product_description`) VALUES ('228', 'deleniti', '2', '590', 'aut', 'teal', '6', 'Tenetur labore perspiciatis aperiam velit eaque te');
INSERT INTO `Products` (`product_price`, `other_product_details`, `return_merchandise_authorization_nr`, `product_id`, `product_name`, `product_color`, `product_size`, `product_description`) VALUES ('1019', 'aut', '6', '607', 'at', 'white', '6', 'Ut reprehenderit facilis animi ducimus minus ut. D');
INSERT INTO `Products` (`product_price`, `other_product_details`, `return_merchandise_authorization_nr`, `product_id`, `product_name`, `product_color`, `product_size`, `product_description`) VALUES ('1394', 'et', '6', '615', 'vel', 'navy', '', 'Sed aut ratione aut quis est. Aliquid quisquam vel');
INSERT INTO `Products` (`product_price`, `other_product_details`, `return_merchandise_authorization_nr`, `product_id`, `product_name`, `product_color`, `product_size`, `product_description`) VALUES ('2940', '', '3', '888', 'iusto', 'yellow', '4', 'Tempora necessitatibus iure facere impedit sed. Es');
INSERT INTO `Products` (`product_price`, `other_product_details`, `return_merchandise_authorization_nr`, `product_id`, `product_name`, `product_color`, `product_size`, `product_description`) VALUES ('3378', 'aliquid', '9', '1484', 'eius', 'teal', '3', 'Quia sapiente qui sit eveniet. Fugiat necessitatib');
INSERT INTO `Products` (`product_price`, `other_product_details`, `return_merchandise_authorization_nr`, `product_id`, `product_name`, `product_color`, `product_size`, `product_description`) VALUES ('2583', '', '6', '2368', 'ipsam', 'yellow', '', 'Rem delectus quam cupiditate corrupti magnam nisi ');
INSERT INTO `Products` (`product_price`, `other_product_details`, `return_merchandise_authorization_nr`, `product_id`, `product_name`, `product_color`, `product_size`, `product_description`) VALUES ('1218', '', '7', '3151', 'sed', 'fuchsia', '3', 'Quaerat consectetur a voluptatem maiores. Mollitia');
INSERT INTO `Products` (`product_price`, `other_product_details`, `return_merchandise_authorization_nr`, `product_id`, `product_name`, `product_color`, `product_size`, `product_description`) VALUES ('1755', '', '8', '3241', 'soluta', 'gray', '7', 'Vel quis ex consequatur. Voluptas enim rerum aut l');
INSERT INTO `Products` (`product_price`, `other_product_details`, `return_merchandise_authorization_nr`, `product_id`, `product_name`, `product_color`, `product_size`, `product_description`) VALUES ('3109', 'et', '7', '6517', 'excepturi', 'green', '5', 'Molestias sit animi sit. Rerum et sit mollitia aut');
INSERT INTO `Products` (`product_price`, `other_product_details`, `return_merchandise_authorization_nr`, `product_id`, `product_name`, `product_color`, `product_size`, `product_description`) VALUES ('2001', 'possimus', '3', '7283', 'est', 'green', '', 'Ut nostrum rem enim quos natus ad debitis. Sit sol');
INSERT INTO `Products` (`product_price`, `other_product_details`, `return_merchandise_authorization_nr`, `product_id`, `product_name`, `product_color`, `product_size`, `product_description`) VALUES ('3577', '', '6', '7819', 'perspiciatis', 'aqua', '8', 'Porro doloremque id facilis odio atque maxime. Con');
INSERT INTO `Products` (`product_price`, `other_product_details`, `return_merchandise_authorization_nr`, `product_id`, `product_name`, `product_color`, `product_size`, `product_description`) VALUES ('2524', '', '5', '8075', 'harum', 'white', '8', 'Aperiam architecto ipsum qui id. Ab nihil ullam re');
INSERT INTO `Products` (`product_price`, `other_product_details`, `return_merchandise_authorization_nr`, `product_id`, `product_name`, `product_color`, `product_size`, `product_description`) VALUES ('129', '', '4', '8351', 'impedit', 'white', '6', 'Voluptas vitae iste quos voluptatem laudantium id ');
INSERT INTO `Products` (`product_price`, `other_product_details`, `return_merchandise_authorization_nr`, `product_id`, `product_name`, `product_color`, `product_size`, `product_description`) VALUES ('3006', 'unde', '8', '8795', 'corporis', 'white', '1', 'Temporibus sunt dolorum magnam tempore doloribus a');
INSERT INTO `Products` (`product_price`, `other_product_details`, `return_merchandise_authorization_nr`, `product_id`, `product_name`, `product_color`, `product_size`, `product_description`) VALUES ('3272', 'suscipit', '5', '9276', 'natus', 'fuchsia', '', 'Nulla sint nihil minima. Molestiae et sit aperiam ');
INSERT INTO `Products` (`product_price`, `other_product_details`, `return_merchandise_authorization_nr`, `product_id`, `product_name`, `product_color`, `product_size`, `product_description`) VALUES ('2713', '', '4', '9474', 'enim', 'teal', '4', 'Adipisci illo sit fuga earum in eos. Voluptatum mo');
INSERT INTO `Products` (`product_price`, `other_product_details`, `return_merchandise_authorization_nr`, `product_id`, `product_name`, `product_color`, `product_size`, `product_description`) VALUES ('488', 'nemo', '3', '9812', 'explicabo', 'lime', '4', 'Odit enim fugiat perspiciatis quia non odio. Quis ');
INSERT INTO `Products` (`product_price`, `other_product_details`, `return_merchandise_authorization_nr`, `product_id`, `product_name`, `product_color`, `product_size`, `product_description`) VALUES ('1740', 'incidunt', '4', '11761', 'nihil', 'gray', '8', 'Eligendi sunt tempora a assumenda molestias et neq');
INSERT INTO `Products` (`product_price`, `other_product_details`, `return_merchandise_authorization_nr`, `product_id`, `product_name`, `product_color`, `product_size`, `product_description`) VALUES ('799', 'sunt', '2', '14877', 'totam', 'aqua', '9', 'Et numquam placeat nisi nihil et. Enim possimus et');
INSERT INTO `Products` (`product_price`, `other_product_details`, `return_merchandise_authorization_nr`, `product_id`, `product_name`, `product_color`, `product_size`, `product_description`) VALUES ('2916', '', '5', '18245', 'blanditiis', 'teal', '3', 'Vel consequatur doloremque laboriosam ad deserunt.');
INSERT INTO `Products` (`product_price`, `other_product_details`, `return_merchandise_authorization_nr`, `product_id`, `product_name`, `product_color`, `product_size`, `product_description`) VALUES ('2240', 'omnis', '3', '24514', 'ab', 'yellow', '5', 'Id voluptas iste earum dicta ut assumenda est veri');
INSERT INTO `Products` (`product_price`, `other_product_details`, `return_merchandise_authorization_nr`, `product_id`, `product_name`, `product_color`, `product_size`, `product_description`) VALUES ('2306', 'necessitatibus', '2', '25772', 'dolore', 'silver', '2', 'Sed repudiandae tempore earum. Commodi ea voluptat');
INSERT INTO `Products` (`product_price`, `other_product_details`, `return_merchandise_authorization_nr`, `product_id`, `product_name`, `product_color`, `product_size`, `product_description`) VALUES ('3616', 'vel', '8', '28441', 'eum', 'white', '7', 'Voluptate dicta dolorem alias quia repudiandae et ');
INSERT INTO `Products` (`product_price`, `other_product_details`, `return_merchandise_authorization_nr`, `product_id`, `product_name`, `product_color`, `product_size`, `product_description`) VALUES ('129', 'vitae', '2', '30202', 'minus', 'aqua', '', 'Et voluptatibus quasi veniam saepe. Ullam corrupti');
INSERT INTO `Products` (`product_price`, `other_product_details`, `return_merchandise_authorization_nr`, `product_id`, `product_name`, `product_color`, `product_size`, `product_description`) VALUES ('807', '', '2', '33466', 'quis', 'black', '6', 'Cupiditate ab voluptatum non omnis. Quis accusamus');
INSERT INTO `Products` (`product_price`, `other_product_details`, `return_merchandise_authorization_nr`, `product_id`, `product_name`, `product_color`, `product_size`, `product_description`) VALUES ('2234', '', '0', '37003', 'in', 'black', '2', 'Et ratione minus non aperiam pariatur. Dolorem tem');
INSERT INTO `Products` (`product_price`, `other_product_details`, `return_merchandise_authorization_nr`, `product_id`, `product_name`, `product_color`, `product_size`, `product_description`) VALUES ('3357', 'sunt', '3', '43730', 'fugiat', 'maroon', '2', 'Sunt dolorum nesciunt veniam possimus eos. Est vol');
INSERT INTO `Products` (`product_price`, `other_product_details`, `return_merchandise_authorization_nr`, `product_id`, `product_name`, `product_color`, `product_size`, `product_description`) VALUES ('2268', '', '5', '44524', 'quia', 'yellow', '1', 'Ut voluptatum est ea quidem. Aut sunt velit cupidi');
INSERT INTO `Products` (`product_price`, `other_product_details`, `return_merchandise_authorization_nr`, `product_id`, `product_name`, `product_color`, `product_size`, `product_description`) VALUES ('3916', '', '6', '47662', 'nostrum', 'yellow', '3', 'Pariatur quae vitae doloremque ut excepturi. Recus');
INSERT INTO `Products` (`product_price`, `other_product_details`, `return_merchandise_authorization_nr`, `product_id`, `product_name`, `product_color`, `product_size`, `product_description`) VALUES ('3915', '', '1', '53039', 'blanditiis', 'purple', '3', 'Soluta temporibus labore aut labore porro. Et cupi');
INSERT INTO `Products` (`product_price`, `other_product_details`, `return_merchandise_authorization_nr`, `product_id`, `product_name`, `product_color`, `product_size`, `product_description`) VALUES ('3354', '', '5', '54674', 'tempora', 'olive', '9', 'Reprehenderit doloremque nulla fuga ullam praesent');
INSERT INTO `Products` (`product_price`, `other_product_details`, `return_merchandise_authorization_nr`, `product_id`, `product_name`, `product_color`, `product_size`, `product_description`) VALUES ('2864', 'debitis', '6', '60078', 'perspiciatis', 'navy', '9', 'Optio culpa quidem veritatis omnis. Autem nam saep');
INSERT INTO `Products` (`product_price`, `other_product_details`, `return_merchandise_authorization_nr`, `product_id`, `product_name`, `product_color`, `product_size`, `product_description`) VALUES ('1150', '', '9', '66488', 'consequatur', 'lime', '7', 'Voluptatum facilis rerum quo non. Impedit rerum ea');
INSERT INTO `Products` (`product_price`, `other_product_details`, `return_merchandise_authorization_nr`, `product_id`, `product_name`, `product_color`, `product_size`, `product_description`) VALUES ('3787', '', '6', '71403', 'ut', 'maroon', '2', 'Dicta ut iste rerum delectus non voluptatibus et. ');
INSERT INTO `Products` (`product_price`, `other_product_details`, `return_merchandise_authorization_nr`, `product_id`, `product_name`, `product_color`, `product_size`, `product_description`) VALUES ('1482', 'accusamus', '0', '71761', 'voluptatum', 'blue', '8', 'Dolorem modi fuga totam. Nemo impedit eos exercita');
INSERT INTO `Products` (`product_price`, `other_product_details`, `return_merchandise_authorization_nr`, `product_id`, `product_name`, `product_color`, `product_size`, `product_description`) VALUES ('2939', '', '8', '93904', 'facilis', 'olive', '1', 'Nostrum impedit tempore molestiae. Molestiae aperi');
INSERT INTO `Products` (`product_price`, `other_product_details`, `return_merchandise_authorization_nr`, `product_id`, `product_name`, `product_color`, `product_size`, `product_description`) VALUES ('811', '', '5', '188983', 'vitae', 'navy', '2', 'Voluptate itaque qui iusto maxime nostrum ut. Accu');
INSERT INTO `Products` (`product_price`, `other_product_details`, `return_merchandise_authorization_nr`, `product_id`, `product_name`, `product_color`, `product_size`, `product_description`) VALUES ('1744', 'velit', '6', '321428', 'id', 'black', '2', 'Et rerum sit et minus recusandae rem ducimus. Dolo');
INSERT INTO `Products` (`product_price`, `other_product_details`, `return_merchandise_authorization_nr`, `product_id`, `product_name`, `product_color`, `product_size`, `product_description`) VALUES ('792', 'quo', '6', '431378', 'nemo', 'maroon', '5', 'Eaque fugiat eos temporibus. Cumque et illo dolor ');
INSERT INTO `Products` (`product_price`, `other_product_details`, `return_merchandise_authorization_nr`, `product_id`, `product_name`, `product_color`, `product_size`, `product_description`) VALUES ('2833', '', '3', '891446', 'architecto', 'yellow', '', 'Eos sapiente quia voluptatem odio fugit. Et molest');
INSERT INTO `Products` (`product_price`, `other_product_details`, `return_merchandise_authorization_nr`, `product_id`, `product_name`, `product_color`, `product_size`, `product_description`) VALUES ('2604', 'cum', '5', '991618', 'incidunt', 'maroon', '9', 'Placeat et repellat vitae possimus debitis. Aspern');
INSERT INTO `Products` (`product_price`, `other_product_details`, `return_merchandise_authorization_nr`, `product_id`, `product_name`, `product_color`, `product_size`, `product_description`) VALUES ('2383', '', '8', '2955671', 'ipsam', 'lime', '2', 'Voluptatem quis qui nisi ad cupiditate id. Et expe');
INSERT INTO `Products` (`product_price`, `other_product_details`, `return_merchandise_authorization_nr`, `product_id`, `product_name`, `product_color`, `product_size`, `product_description`) VALUES ('3158', '', '7', '3579996', 'ipsam', 'silver', '3', 'Voluptatibus ipsa quaerat molestiae autem quibusda');
INSERT INTO `Products` (`product_price`, `other_product_details`, `return_merchandise_authorization_nr`, `product_id`, `product_name`, `product_color`, `product_size`, `product_description`) VALUES ('1163', '', '6', '3727186', 'neque', 'white', '1', 'Cum magnam eligendi aliquid ut hic tempore. Ut pos');
INSERT INTO `Products` (`product_price`, `other_product_details`, `return_merchandise_authorization_nr`, `product_id`, `product_name`, `product_color`, `product_size`, `product_description`) VALUES ('2915', '', '1', '4611582', 'officiis', 'navy', '2', 'Rem quia nulla ipsa odit non magni veniam. Nam exe');
INSERT INTO `Products` (`product_price`, `other_product_details`, `return_merchandise_authorization_nr`, `product_id`, `product_name`, `product_color`, `product_size`, `product_description`) VALUES ('1563', '', '0', '5294805', 'nihil', 'aqua', '3', 'Id neque animi non odit harum repellat distinctio.');
INSERT INTO `Products` (`product_price`, `other_product_details`, `return_merchandise_authorization_nr`, `product_id`, `product_name`, `product_color`, `product_size`, `product_description`) VALUES ('74', 'beatae', '0', '6011217', 'accusantium', 'silver', '1', 'Sunt soluta totam rerum sed. Cum quod enim et prae');
INSERT INTO `Products` (`product_price`, `other_product_details`, `return_merchandise_authorization_nr`, `product_id`, `product_name`, `product_color`, `product_size`, `product_description`) VALUES ('659', 'possimus', '4', '6913428', 'et', 'olive', '2', 'Fuga quibusdam quis cumque deleniti sit deserunt v');
INSERT INTO `Products` (`product_price`, `other_product_details`, `return_merchandise_authorization_nr`, `product_id`, `product_name`, `product_color`, `product_size`, `product_description`) VALUES ('2292', '', '1', '7302219', 'provident', 'maroon', '9', 'Cum quod optio dolores aut et consequuntur omnis. ');
INSERT INTO `Products` (`product_price`, `other_product_details`, `return_merchandise_authorization_nr`, `product_id`, `product_name`, `product_color`, `product_size`, `product_description`) VALUES ('225', '', '2', '7577355', 'saepe', 'yellow', '5', 'Minus explicabo a veniam. Amet accusantium sunt sa');
INSERT INTO `Products` (`product_price`, `other_product_details`, `return_merchandise_authorization_nr`, `product_id`, `product_name`, `product_color`, `product_size`, `product_description`) VALUES ('725', 'quos', '2', '8214161', 'alias', 'silver', '8', 'Eligendi sunt vitae reprehenderit sit sit tempore ');
INSERT INTO `Products` (`product_price`, `other_product_details`, `return_merchandise_authorization_nr`, `product_id`, `product_name`, `product_color`, `product_size`, `product_description`) VALUES ('272', '', '4', '8855650', 'ut', 'teal', '5', 'Consequuntur minima officiis eveniet. Aspernatur c');
INSERT INTO `Products` (`product_price`, `other_product_details`, `return_merchandise_authorization_nr`, `product_id`, `product_name`, `product_color`, `product_size`, `product_description`) VALUES ('1304', 'ullam', '6', '9778447', 'sed', 'black', '', 'Illo et omnis quae qui et perferendis alias. Optio');
INSERT INTO `Products` (`product_price`, `other_product_details`, `return_merchandise_authorization_nr`, `product_id`, `product_name`, `product_color`, `product_size`, `product_description`) VALUES ('3290', 'ipsam', '4', '26478384', 'enim', 'fuchsia', '4', 'Sit maiores aut quisquam doloremque adipisci et cu');
INSERT INTO `Products` (`product_price`, `other_product_details`, `return_merchandise_authorization_nr`, `product_id`, `product_name`, `product_color`, `product_size`, `product_description`) VALUES ('3245', 'fugit', '4', '33257392', 'corporis', 'yellow', '', 'Ut quasi eum et eligendi. Perspiciatis sit consequ');
INSERT INTO `Products` (`product_price`, `other_product_details`, `return_merchandise_authorization_nr`, `product_id`, `product_name`, `product_color`, `product_size`, `product_description`) VALUES ('3594', 'ab', '8', '45109028', 'aperiam', 'yellow', '2', 'Facere reprehenderit consectetur sed. Eos qui dolo');
INSERT INTO `Products` (`product_price`, `other_product_details`, `return_merchandise_authorization_nr`, `product_id`, `product_name`, `product_color`, `product_size`, `product_description`) VALUES ('1918', '', '3', '46782592', 'blanditiis', 'aqua', '2', 'Iure distinctio nemo aliquid ad error sit. Omnis a');
INSERT INTO `Products` (`product_price`, `other_product_details`, `return_merchandise_authorization_nr`, `product_id`, `product_name`, `product_color`, `product_size`, `product_description`) VALUES ('1115', '', '1', '57265638', 'consequuntur', 'blue', '9', 'Perspiciatis quia quidem optio atque ex. Neque del');
INSERT INTO `Products` (`product_price`, `other_product_details`, `return_merchandise_authorization_nr`, `product_id`, `product_name`, `product_color`, `product_size`, `product_description`) VALUES ('3956', 'quaerat', '5', '82661116', 'animi', 'fuchsia', '9', 'Dolor doloremque alias eum quia illo. Consequatur ');
INSERT INTO `Products` (`product_price`, `other_product_details`, `return_merchandise_authorization_nr`, `product_id`, `product_name`, `product_color`, `product_size`, `product_description`) VALUES ('1096', 'non', '3', '84137298', 'sit', 'lime', '9', 'Dignissimos perspiciatis laudantium quae sint volu');
INSERT INTO `Products` (`product_price`, `other_product_details`, `return_merchandise_authorization_nr`, `product_id`, `product_name`, `product_color`, `product_size`, `product_description`) VALUES ('529', '', '5', '97426343', 'tenetur', 'olive', '1', 'Qui praesentium et ea. Distinctio sint dolor praes');
INSERT INTO `Products` (`product_price`, `other_product_details`, `return_merchandise_authorization_nr`, `product_id`, `product_name`, `product_color`, `product_size`, `product_description`) VALUES ('3305', '', '8', '141390736', 'est', 'purple', '', 'A ut dolor quo numquam. Illum omnis et quia expedi');
INSERT INTO `Products` (`product_price`, `other_product_details`, `return_merchandise_authorization_nr`, `product_id`, `product_name`, `product_color`, `product_size`, `product_description`) VALUES ('2569', '', '0', '234438216', 'officia', 'yellow', '', 'Quia natus et et. Reprehenderit sint nam non quaer');
INSERT INTO `Products` (`product_price`, `other_product_details`, `return_merchandise_authorization_nr`, `product_id`, `product_name`, `product_color`, `product_size`, `product_description`) VALUES ('2014', 'quis', '9', '307405626', 'et', 'teal', '', 'Non cumque temporibus consequatur delectus. Volupt');
INSERT INTO `Products` (`product_price`, `other_product_details`, `return_merchandise_authorization_nr`, `product_id`, `product_name`, `product_color`, `product_size`, `product_description`) VALUES ('3440', 'placeat', '4', '310092683', 'quo', 'teal', '1', 'Sapiente consequuntur expedita fugit nesciunt ad. ');
INSERT INTO `Products` (`product_price`, `other_product_details`, `return_merchandise_authorization_nr`, `product_id`, `product_name`, `product_color`, `product_size`, `product_description`) VALUES ('2215', '', '7', '318641998', 'qui', 'teal', '1', 'Eligendi odit deleniti ut nulla suscipit repudiand');
INSERT INTO `Products` (`product_price`, `other_product_details`, `return_merchandise_authorization_nr`, `product_id`, `product_name`, `product_color`, `product_size`, `product_description`) VALUES ('1756', 'optio', '0', '401906564', 'aut', 'maroon', '1', 'Facere nihil voluptatem ad. Temporibus eum hic qua');
INSERT INTO `Products` (`product_price`, `other_product_details`, `return_merchandise_authorization_nr`, `product_id`, `product_name`, `product_color`, `product_size`, `product_description`) VALUES ('1315', 'illo', '6', '484684903', 'eius', 'aqua', '5', 'Dolore excepturi in in veniam labore officiis dict');
INSERT INTO `Products` (`product_price`, `other_product_details`, `return_merchandise_authorization_nr`, `product_id`, `product_name`, `product_color`, `product_size`, `product_description`) VALUES ('1759', '', '2', '524672953', 'sit', 'silver', '8', 'Ut voluptas cum itaque blanditiis voluptas veritat');
INSERT INTO `Products` (`product_price`, `other_product_details`, `return_merchandise_authorization_nr`, `product_id`, `product_name`, `product_color`, `product_size`, `product_description`) VALUES ('2314', 'porro', '5', '714146868', 'autem', 'maroon', '8', 'Tenetur minima et eius cumque magni. Ipsa aut dele');
INSERT INTO `Products` (`product_price`, `other_product_details`, `return_merchandise_authorization_nr`, `product_id`, `product_name`, `product_color`, `product_size`, `product_description`) VALUES ('3906', 'corrupti', '0', '738644126', 'sit', 'black', '', 'Ut incidunt doloribus illo cupiditate ut. Vel dist');
INSERT INTO `Products` (`product_price`, `other_product_details`, `return_merchandise_authorization_nr`, `product_id`, `product_name`, `product_color`, `product_size`, `product_description`) VALUES ('3891', 'dolores', '5', '757437355', 'vel', 'silver', '6', 'Voluptas quia temporibus qui et beatae occaecati a');
INSERT INTO `Products` (`product_price`, `other_product_details`, `return_merchandise_authorization_nr`, `product_id`, `product_name`, `product_color`, `product_size`, `product_description`) VALUES ('493', 'nobis', '5', '803653301', 'id', 'black', '2', 'Ea quis sunt sit voluptas natus. Qui laborum minus');
INSERT INTO `Products` (`product_price`, `other_product_details`, `return_merchandise_authorization_nr`, `product_id`, `product_name`, `product_color`, `product_size`, `product_description`) VALUES ('3077', 'voluptatum', '9', '825906487', 'ducimus', 'white', '2', 'Delectus molestiae beatae incidunt atque. Maxime f');
INSERT INTO `Products` (`product_price`, `other_product_details`, `return_merchandise_authorization_nr`, `product_id`, `product_name`, `product_color`, `product_size`, `product_description`) VALUES ('2589', '', '4', '869725306', 'deleniti', 'green', '6', 'Vel sit provident harum maiores voluptatem. Quos q');
INSERT INTO `Products` (`product_price`, `other_product_details`, `return_merchandise_authorization_nr`, `product_id`, `product_name`, `product_color`, `product_size`, `product_description`) VALUES ('697', 'porro', '6', '933606223', 'iusto', 'blue', '6', 'Esse sapiente dicta delectus dignissimos libero re');
INSERT INTO `Products` (`product_price`, `other_product_details`, `return_merchandise_authorization_nr`, `product_id`, `product_name`, `product_color`, `product_size`, `product_description`) VALUES ('230', '', '8', '951857524', 'omnis', 'silver', '4', 'Explicabo odio sint magnam aut velit recusandae vo');




INSERT INTO `Customer_Payment_Methods` (`customer_payment_id`, `payment_method_details`, `credit_card_bigint`, `payment_method_description`, `customer_id4`) VALUES ('5', 'Libero minima est libero. Est non consequatur ulla', '4929231187279', 'Quia autem et officia qui ullam iste vel. Dolores ', '7803971');
INSERT INTO `Customer_Payment_Methods` (`customer_payment_id`, `payment_method_details`, `credit_card_bigint`, `payment_method_description`, `customer_id4`) VALUES ('27', 'Debitis unde eveniet at repellat velit eos. Aut sa', '5425233496708802', 'Non nesciunt consequatur consequuntur facilis esse', '624');
INSERT INTO `Customer_Payment_Methods` (`customer_payment_id`, `payment_method_details`, `credit_card_bigint`, `payment_method_description`, `customer_id4`) VALUES ('61', 'Dolorem ad sit excepturi sit laudantium quia. Est ', '5462674526484881', 'Pariatur quae atque sunt et incidunt. Non voluptat', '8713827');
INSERT INTO `Customer_Payment_Methods` (`customer_payment_id`, `payment_method_details`, `credit_card_bigint`, `payment_method_description`, `customer_id4`) VALUES ('87', 'Voluptatibus quaerat qui est repudiandae ut. Rerum', '4929694011188174', 'Enim pariatur eum quam minima eos occaecati. Et te', '44144543');
INSERT INTO `Customer_Payment_Methods` (`customer_payment_id`, `payment_method_details`, `credit_card_bigint`, `payment_method_description`, `customer_id4`) VALUES ('189', 'Maiores eius corrupti dicta velit odio voluptas. M', '4929374543031489', 'Ex laudantium vel alias aliquid rem autem sapiente', '621');
INSERT INTO `Customer_Payment_Methods` (`customer_payment_id`, `payment_method_details`, `credit_card_bigint`, `payment_method_description`, `customer_id4`) VALUES ('197', 'Repudiandae qui vero et libero repellat est sunt. ', '5432678467229074', 'Odit molestiae ut dicta cupiditate quo omnis. Prov', '727');
INSERT INTO `Customer_Payment_Methods` (`customer_payment_id`, `payment_method_details`, `credit_card_bigint`, `payment_method_description`, `customer_id4`) VALUES ('239', 'Quas quidem neque ut animi rerum doloremque. Dolor', '5159565074786198', 'Vel aperiam assumenda qui sed. Debitis aut tenetur', '70');
INSERT INTO `Customer_Payment_Methods` (`customer_payment_id`, `payment_method_details`, `credit_card_bigint`, `payment_method_description`, `customer_id4`) VALUES ('333', 'Architecto voluptas culpa expedita ut natus doloru', '5424485251720722', 'Quibusdam laboriosam ratione quibusdam. Omnis non ', '48');
INSERT INTO `Customer_Payment_Methods` (`customer_payment_id`, `payment_method_details`, `credit_card_bigint`, `payment_method_description`, `customer_id4`) VALUES ('387', 'Ab odit cupiditate minus perferendis non rerum. Re', '4916543867384', 'Molestiae est minima iste nulla necessitatibus ver', '82961');
INSERT INTO `Customer_Payment_Methods` (`customer_payment_id`, `payment_method_details`, `credit_card_bigint`, `payment_method_description`, `customer_id4`) VALUES ('401', 'Libero quibusdam atque ipsa blanditiis. Sequi labo', '4024007132810559', 'Est nobis rerum aut. Facilis non quia voluptatem r', '9188861');
INSERT INTO `Customer_Payment_Methods` (`customer_payment_id`, `payment_method_details`, `credit_card_bigint`, `payment_method_description`, `customer_id4`) VALUES ('486', 'Magni incidunt aspernatur quia tenetur quod. Dolor', '5300025511294891', 'Rem non autem aliquam culpa qui esse id. Aspernatu', '23641');
INSERT INTO `Customer_Payment_Methods` (`customer_payment_id`, `payment_method_details`, `credit_card_bigint`, `payment_method_description`, `customer_id4`) VALUES ('573', 'Totam quo voluptas accusantium ut eum. Ipsam aut a', '5491719778023351', 'Et quasi similique qui dolore alias minima. Impedi', '88416');
INSERT INTO `Customer_Payment_Methods` (`customer_payment_id`, `payment_method_details`, `credit_card_bigint`, `payment_method_description`, `customer_id4`) VALUES ('718', 'Rerum sed dolorum aut voluptates dolorem. Mollitia', '5122621436611317', 'Sapiente impedit est tenetur consequatur omnis. Ut', '2339');
INSERT INTO `Customer_Payment_Methods` (`customer_payment_id`, `payment_method_details`, `credit_card_bigint`, `payment_method_description`, `customer_id4`) VALUES ('764', 'Ut occaecati iure soluta dolore ut laudantium atqu', '5400641126728241', 'Veritatis labore maiores voluptatem cum laboriosam', '7758398');
INSERT INTO `Customer_Payment_Methods` (`customer_payment_id`, `payment_method_details`, `credit_card_bigint`, `payment_method_description`, `customer_id4`) VALUES ('885', 'Dolorem reiciendis ea id eos distinctio. Quod even', '4532369011663', 'Sit dolores rerum et illum unde aut. Tempore labor', '75');
INSERT INTO `Customer_Payment_Methods` (`customer_payment_id`, `payment_method_details`, `credit_card_bigint`, `payment_method_description`, `customer_id4`) VALUES ('899', 'Doloribus libero molestiae consequatur voluptatibu', '373602034217168', 'Quae iure cumque quis facilis atque libero possimu', '166997');
INSERT INTO `Customer_Payment_Methods` (`customer_payment_id`, `payment_method_details`, `credit_card_bigint`, `payment_method_description`, `customer_id4`) VALUES ('929', 'Illo eos perspiciatis molestiae aliquam ut. Repell', '6011312811322443', 'Distinctio dolorem laborum id non. Sit commodi rep', '6332');
INSERT INTO `Customer_Payment_Methods` (`customer_payment_id`, `payment_method_details`, `credit_card_bigint`, `payment_method_description`, `customer_id4`) VALUES ('966', 'Sint aut aut quod nostrum quasi autem quas. Est ne', '4716845881364', 'Cum distinctio corporis voluptatibus impedit beata', '88');
INSERT INTO `Customer_Payment_Methods` (`customer_payment_id`, `payment_method_details`, `credit_card_bigint`, `payment_method_description`, `customer_id4`) VALUES ('1018', 'Sit consequatur rerum adipisci voluptatem voluptat', '4485598727457', 'A debitis harum unde deleniti dolor eveniet ipsum.', '34059');
INSERT INTO `Customer_Payment_Methods` (`customer_payment_id`, `payment_method_details`, `credit_card_bigint`, `payment_method_description`, `customer_id4`) VALUES ('1046', 'Quis et quos eius sit perspiciatis saepe adipisci.', '4556280881943', 'Sit dolores iste ex earum exercitationem dicta omn', '9160');
INSERT INTO `Customer_Payment_Methods` (`customer_payment_id`, `payment_method_details`, `credit_card_bigint`, `payment_method_description`, `customer_id4`) VALUES ('1237', 'Pariatur quo omnis cum ut. Sunt dolore dolores dol', '6011324802727189', 'Delectus sit repellendus doloribus voluptates aspe', '48');
INSERT INTO `Customer_Payment_Methods` (`customer_payment_id`, `payment_method_details`, `credit_card_bigint`, `payment_method_description`, `customer_id4`) VALUES ('1238', 'Fuga et odit ab quaerat officia. Sed dolore tempor', '4556122669713', 'Voluptatem eos delectus amet sit. Ut reprehenderit', '5');
INSERT INTO `Customer_Payment_Methods` (`customer_payment_id`, `payment_method_details`, `credit_card_bigint`, `payment_method_description`, `customer_id4`) VALUES ('1255', 'Sint quia aut et magni amet. In fugiat in quasi ve', '4485855248557712', 'In eum beatae corrupti nostrum atque et commodi. V', '93016');
INSERT INTO `Customer_Payment_Methods` (`customer_payment_id`, `payment_method_details`, `credit_card_bigint`, `payment_method_description`, `customer_id4`) VALUES ('1272', 'Beatae deserunt laboriosam placeat et ullam itaque', '6011506474807745', 'Sequi dicta animi omnis ut tempora porro. Velit pl', '70');
INSERT INTO `Customer_Payment_Methods` (`customer_payment_id`, `payment_method_details`, `credit_card_bigint`, `payment_method_description`, `customer_id4`) VALUES ('1314', 'Id facilis eos tempora reiciendis necessitatibus. ', '4556379559857359', 'Commodi asperiores non reprehenderit. Consequuntur', '376');
INSERT INTO `Customer_Payment_Methods` (`customer_payment_id`, `payment_method_details`, `credit_card_bigint`, `payment_method_description`, `customer_id4`) VALUES ('1424', 'Quo dolor aut quos. Laudantium neque voluptatem su', '5440173380033329', 'Accusantium in at dolorum officia est nostrum eos.', '70');
INSERT INTO `Customer_Payment_Methods` (`customer_payment_id`, `payment_method_details`, `credit_card_bigint`, `payment_method_description`, `customer_id4`) VALUES ('1504', 'Rerum nostrum sunt praesentium omnis voluptatum qu', '5220080897783633', 'Distinctio eveniet voluptas nobis. Voluptas impedi', '526');
INSERT INTO `Customer_Payment_Methods` (`customer_payment_id`, `payment_method_details`, `credit_card_bigint`, `payment_method_description`, `customer_id4`) VALUES ('1540', 'Harum et quasi voluptatem rerum et. Facilis iusto ', '6011360195014824', 'Adipisci porro ut temporibus quis omnis incidunt. ', '29784');
INSERT INTO `Customer_Payment_Methods` (`customer_payment_id`, `payment_method_details`, `credit_card_bigint`, `payment_method_description`, `customer_id4`) VALUES ('1617', 'Velit ut optio aut. Possimus omnis distinctio eos ', '5256847754038437', 'Quis accusamus quia repellat. Eaque rem doloremque', '6332');
INSERT INTO `Customer_Payment_Methods` (`customer_payment_id`, `payment_method_details`, `credit_card_bigint`, `payment_method_description`, `customer_id4`) VALUES ('1724', 'Facilis non perferendis vitae qui eveniet ut eaque', '4532206425061142', 'Vel et recusandae et sunt velit molestias. Corrupt', '930429899');
INSERT INTO `Customer_Payment_Methods` (`customer_payment_id`, `payment_method_details`, `credit_card_bigint`, `payment_method_description`, `customer_id4`) VALUES ('1726', 'Dolor voluptatum quae accusantium. Quod iste unde ', '4916930850327', 'Soluta odit dolores commodi est. Minus ex sed dign', '930429899');
INSERT INTO `Customer_Payment_Methods` (`customer_payment_id`, `payment_method_details`, `credit_card_bigint`, `payment_method_description`, `customer_id4`) VALUES ('1786', 'Consequatur iste neque sint assumenda inventore ni', '4556563984733', 'Eligendi consectetur dolorem omnis dignissimos sed', '624');
INSERT INTO `Customer_Payment_Methods` (`customer_payment_id`, `payment_method_details`, `credit_card_bigint`, `payment_method_description`, `customer_id4`) VALUES ('1825', 'Vero sed sed omnis quis possimus tenetur. Omnis ve', '5221761953718931', 'Minus quia quae facere numquam illo ab ea. Adipisc', '95885480');
INSERT INTO `Customer_Payment_Methods` (`customer_payment_id`, `payment_method_details`, `credit_card_bigint`, `payment_method_description`, `customer_id4`) VALUES ('1895', 'Inventore aspernatur voluptatem quibusdam est qui.', '4532924379757145', 'Doloremque asperiores ut ut consequatur ex. Ut err', '67297921');
INSERT INTO `Customer_Payment_Methods` (`customer_payment_id`, `payment_method_details`, `credit_card_bigint`, `payment_method_description`, `customer_id4`) VALUES ('1903', 'Molestias enim ut explicabo perspiciatis. Molestia', '4556614338825', 'Aut ut sit unde corrupti et qui. Odit et incidunt ', '95885480');
INSERT INTO `Customer_Payment_Methods` (`customer_payment_id`, `payment_method_details`, `credit_card_bigint`, `payment_method_description`, `customer_id4`) VALUES ('1935', 'Quis qui quod et quia est sunt minima. Quisquam ve', '372125157034072', 'In et asperiores voluptatum vel rerum quo. Rerum d', '152');
INSERT INTO `Customer_Payment_Methods` (`customer_payment_id`, `payment_method_details`, `credit_card_bigint`, `payment_method_description`, `customer_id4`) VALUES ('1942', 'Atque voluptatem nobis odit cumque dignissimos. Al', '6011307820281632', 'Nam esse possimus quas architecto veritatis nisi l', '96380853');
INSERT INTO `Customer_Payment_Methods` (`customer_payment_id`, `payment_method_details`, `credit_card_bigint`, `payment_method_description`, `customer_id4`) VALUES ('1958', 'Eaque ut quasi cupiditate id qui voluptas. Quaerat', '5491655119481395', 'Temporibus pariatur culpa sunt ea. Rerum nostrum p', '624');
INSERT INTO `Customer_Payment_Methods` (`customer_payment_id`, `payment_method_details`, `credit_card_bigint`, `payment_method_description`, `customer_id4`) VALUES ('1985', 'Accusantium aut deserunt rem sunt aut. Blanditiis ', '4024007157964', 'Enim in aliquam consequatur nemo. Non eaque conseq', '886');
INSERT INTO `Customer_Payment_Methods` (`customer_payment_id`, `payment_method_details`, `credit_card_bigint`, `payment_method_description`, `customer_id4`) VALUES ('2041', 'Nisi modi repellat laboriosam temporibus. Aut corr', '5537808586395251', 'Laudantium cum et doloribus perferendis eius. Nequ', '38');
INSERT INTO `Customer_Payment_Methods` (`customer_payment_id`, `payment_method_details`, `credit_card_bigint`, `payment_method_description`, `customer_id4`) VALUES ('2090', 'Est voluptas rerum voluptatem voluptatem odit volu', '5374275952666433', 'Commodi dolorem eaque et hic. Quos ducimus nostrum', '70');
INSERT INTO `Customer_Payment_Methods` (`customer_payment_id`, `payment_method_details`, `credit_card_bigint`, `payment_method_description`, `customer_id4`) VALUES ('2122', 'Debitis qui aut natus laboriosam. Deserunt veniam ', '5541072336446103', 'Aut quam maiores eius provident quo. Dolorem reici', '97');
INSERT INTO `Customer_Payment_Methods` (`customer_payment_id`, `payment_method_details`, `credit_card_bigint`, `payment_method_description`, `customer_id4`) VALUES ('2167', 'Qui adipisci perferendis asperiores voluptatem ius', '4916423095034', 'Doloremque voluptatum omnis corporis quae. Sed sin', '549860648');
INSERT INTO `Customer_Payment_Methods` (`customer_payment_id`, `payment_method_details`, `credit_card_bigint`, `payment_method_description`, `customer_id4`) VALUES ('2270', 'Autem cum ducimus ab. Debitis suscipit consequuntu', '5500074543478814', 'Dolor quas sunt excepturi. Ut dolore numquam et qu', '67297921');
INSERT INTO `Customer_Payment_Methods` (`customer_payment_id`, `payment_method_details`, `credit_card_bigint`, `payment_method_description`, `customer_id4`) VALUES ('2273', 'Quibusdam velit ut quam in error soluta. Ab et vel', '4532547468496568', 'Minima dolore consequatur deleniti. Totam at est v', '3759201');
INSERT INTO `Customer_Payment_Methods` (`customer_payment_id`, `payment_method_details`, `credit_card_bigint`, `payment_method_description`, `customer_id4`) VALUES ('2302', 'Dolorem autem qui molestiae vel. Voluptas eaque ve', '5581763013543942', 'Qui eos sint dolor voluptatem vitae. Omnis ut ad t', '23641');
INSERT INTO `Customer_Payment_Methods` (`customer_payment_id`, `payment_method_details`, `credit_card_bigint`, `payment_method_description`, `customer_id4`) VALUES ('2356', 'Occaecati quam consectetur vero qui. Cum architect', '4539570687550', 'Et qui dicta quod animi omnis pariatur. Possimus i', '7758398');
INSERT INTO `Customer_Payment_Methods` (`customer_payment_id`, `payment_method_details`, `credit_card_bigint`, `payment_method_description`, `customer_id4`) VALUES ('2423', 'Illum nulla ducimus adipisci labore. Facere eos vo', '371664174515396', 'Officiis voluptatibus unde et aliquid ex aut. Reic', '358103');
INSERT INTO `Customer_Payment_Methods` (`customer_payment_id`, `payment_method_details`, `credit_card_bigint`, `payment_method_description`, `customer_id4`) VALUES ('2481', 'Voluptatum quo placeat ullam quas. Inventore et to', '5424191949065536', 'Consequatur officiis inventore eum qui ullam eum. ', '2038540');
INSERT INTO `Customer_Payment_Methods` (`customer_payment_id`, `payment_method_details`, `credit_card_bigint`, `payment_method_description`, `customer_id4`) VALUES ('2495', 'Qui rerum repellendus non excepturi et maiores sed', '5589075158578292', 'Non in voluptas non corrupti. Natus repellendus po', '435874680');
INSERT INTO `Customer_Payment_Methods` (`customer_payment_id`, `payment_method_details`, `credit_card_bigint`, `payment_method_description`, `customer_id4`) VALUES ('2529', 'Id aut tenetur nisi cumque. Sunt omnis accusantium', '5278185594806665', 'Laborum velit distinctio et qui laborum. Ad numqua', '621');
INSERT INTO `Customer_Payment_Methods` (`customer_payment_id`, `payment_method_details`, `credit_card_bigint`, `payment_method_description`, `customer_id4`) VALUES ('2570', 'Totam eligendi quos quia hic est. Reprehenderit ut', '4716505290008650', 'Sed quos autem esse aliquam. Libero debitis earum ', '95131612');
INSERT INTO `Customer_Payment_Methods` (`customer_payment_id`, `payment_method_details`, `credit_card_bigint`, `payment_method_description`, `customer_id4`) VALUES ('2626', 'Vitae molestiae molestiae maiores magnam minima qu', '4024007197481', 'Iusto neque exercitationem ipsa est qui nam quas. ', '646834');
INSERT INTO `Customer_Payment_Methods` (`customer_payment_id`, `payment_method_details`, `credit_card_bigint`, `payment_method_description`, `customer_id4`) VALUES ('2642', 'Voluptatem repellendus praesentium voluptas incidu', '4485872721036', 'Officiis officiis aspernatur sit aut ut ad. Ipsum ', '3');
INSERT INTO `Customer_Payment_Methods` (`customer_payment_id`, `payment_method_details`, `credit_card_bigint`, `payment_method_description`, `customer_id4`) VALUES ('2649', 'Aut iusto eius quisquam illum nostrum natus. Fuga ', '4539953116439264', 'Eum quia iste sapiente eveniet quia omnis. Ea blan', '42944203');
INSERT INTO `Customer_Payment_Methods` (`customer_payment_id`, `payment_method_details`, `credit_card_bigint`, `payment_method_description`, `customer_id4`) VALUES ('2650', 'Porro consequatur quia porro et id eos dolorem. Om', '5200757922952764', 'Ipsam culpa architecto eaque molestiae laboriosam.', '61');
INSERT INTO `Customer_Payment_Methods` (`customer_payment_id`, `payment_method_details`, `credit_card_bigint`, `payment_method_description`, `customer_id4`) VALUES ('2671', 'Laudantium soluta sit impedit asperiores. Eos non ', '374903836105824', 'Placeat repellat sit eius corrupti voluptatem quo.', '20195');
INSERT INTO `Customer_Payment_Methods` (`customer_payment_id`, `payment_method_details`, `credit_card_bigint`, `payment_method_description`, `customer_id4`) VALUES ('2786', 'Repellat porro laborum expedita aut natus eum. Qua', '5375141166168568', 'Accusantium optio cum vero occaecati error. Ipsam ', '930429899');
INSERT INTO `Customer_Payment_Methods` (`customer_payment_id`, `payment_method_details`, `credit_card_bigint`, `payment_method_description`, `customer_id4`) VALUES ('2809', 'Ea beatae tempora blanditiis nostrum in quos. Opti', '4539691650383', 'Reiciendis corrupti animi sint voluptatum vitae do', '35');
INSERT INTO `Customer_Payment_Methods` (`customer_payment_id`, `payment_method_details`, `credit_card_bigint`, `payment_method_description`, `customer_id4`) VALUES ('2934', 'Illo sint distinctio laboriosam quo voluptatem ess', '6011351081543359', 'Porro dolorem dolorum nam deleniti eos accusamus. ', '5466');
INSERT INTO `Customer_Payment_Methods` (`customer_payment_id`, `payment_method_details`, `credit_card_bigint`, `payment_method_description`, `customer_id4`) VALUES ('2991', 'Laborum enim voluptatum vero vel minima adipisci. ', '5168808188229805', 'Blanditiis quo nemo sit tenetur et aut consequatur', '99');
INSERT INTO `Customer_Payment_Methods` (`customer_payment_id`, `payment_method_details`, `credit_card_bigint`, `payment_method_description`, `customer_id4`) VALUES ('2999', 'Eum fuga sapiente aut minus ut culpa. Enim quas ra', '4532918408525847', 'Sit corporis recusandae veniam dicta quia. Qui sin', '3819734');
INSERT INTO `Customer_Payment_Methods` (`customer_payment_id`, `payment_method_details`, `credit_card_bigint`, `payment_method_description`, `customer_id4`) VALUES ('3074', 'Sint ut impedit animi molestias saepe. Accusamus e', '5383219570880611', 'Illo repudiandae iste enim quod. Iure laudantium m', '56904');
INSERT INTO `Customer_Payment_Methods` (`customer_payment_id`, `payment_method_details`, `credit_card_bigint`, `payment_method_description`, `customer_id4`) VALUES ('3109', 'Distinctio molestiae sit consequatur porro placeat', '4916353224803400', 'Facere qui et corporis corrupti. Ab culpa quia por', '8719486');
INSERT INTO `Customer_Payment_Methods` (`customer_payment_id`, `payment_method_details`, `credit_card_bigint`, `payment_method_description`, `customer_id4`) VALUES ('3272', 'Sed error nihil non. Est explicabo molestias ut a ', '376951905726303', 'Ut veritatis maxime facere ut temporibus. Deserunt', '3060');
INSERT INTO `Customer_Payment_Methods` (`customer_payment_id`, `payment_method_details`, `credit_card_bigint`, `payment_method_description`, `customer_id4`) VALUES ('3291', 'Repellat dignissimos voluptatem repudiandae ut sit', '4485747490469964', 'Non quia sed quasi quidem. Illo qui sequi et volup', '38');
INSERT INTO `Customer_Payment_Methods` (`customer_payment_id`, `payment_method_details`, `credit_card_bigint`, `payment_method_description`, `customer_id4`) VALUES ('3348', 'Et sunt voluptatem eos officiis. Officia officia e', '6011965748041721', 'Ut sint officia impedit. Placeat rerum consequatur', '9');
INSERT INTO `Customer_Payment_Methods` (`customer_payment_id`, `payment_method_details`, `credit_card_bigint`, `payment_method_description`, `customer_id4`) VALUES ('3356', 'Omnis culpa error enim eligendi in corrupti et. Pr', '5220444529880404', 'Qui consequuntur tempore repellat eveniet. Magnam ', '1');
INSERT INTO `Customer_Payment_Methods` (`customer_payment_id`, `payment_method_details`, `credit_card_bigint`, `payment_method_description`, `customer_id4`) VALUES ('3467', 'Dolor adipisci rerum repellat optio non. Officia a', '5142966629725218', 'Impedit sint ab dolorem. Deleniti eius illum est e', '99');
INSERT INTO `Customer_Payment_Methods` (`customer_payment_id`, `payment_method_details`, `credit_card_bigint`, `payment_method_description`, `customer_id4`) VALUES ('3782', 'Sapiente dolorem et nam. Voluptatem accusantium pr', '5384719144712077', 'Consequatur ea ex porro eligendi aut fugiat. Accus', '3759201');
INSERT INTO `Customer_Payment_Methods` (`customer_payment_id`, `payment_method_details`, `credit_card_bigint`, `payment_method_description`, `customer_id4`) VALUES ('3896', 'Debitis voluptate aut tempore quis repellendus quo', '5483007917945462', 'Beatae fugit rerum quidem eum vel. Culpa esse quam', '727');
INSERT INTO `Customer_Payment_Methods` (`customer_payment_id`, `payment_method_details`, `credit_card_bigint`, `payment_method_description`, `customer_id4`) VALUES ('3897', 'Sit molestias aut dolore. Similique at et dolores.', '5587637151775154', 'Est error quod aut eos enim beatae. Eos accusantiu', '70');
INSERT INTO `Customer_Payment_Methods` (`customer_payment_id`, `payment_method_details`, `credit_card_bigint`, `payment_method_description`, `customer_id4`) VALUES ('3929', 'Facere qui qui vel corrupti totam. Voluptatem comm', '4024007120652', 'Libero cupiditate molestiae accusamus repellendus ', '178219919');
INSERT INTO `Customer_Payment_Methods` (`customer_payment_id`, `payment_method_details`, `credit_card_bigint`, `payment_method_description`, `customer_id4`) VALUES ('3949', 'Qui voluptatibus architecto natus sunt. Amet volup', '5210918930387738', 'Ut molestias laudantium maxime quam sapiente omnis', '95114886');
INSERT INTO `Customer_Payment_Methods` (`customer_payment_id`, `payment_method_details`, `credit_card_bigint`, `payment_method_description`, `customer_id4`) VALUES ('3952', 'Expedita nostrum qui sunt ab. Voluptatum atque sol', '4539777558325', 'Voluptatem perspiciatis veritatis ipsum itaque vol', '94115');
INSERT INTO `Customer_Payment_Methods` (`customer_payment_id`, `payment_method_details`, `credit_card_bigint`, `payment_method_description`, `customer_id4`) VALUES ('4000', 'Animi consequatur id sapiente aut error. Non sit s', '5302070825216377', 'Qui iste quam repellendus repellendus. Quos rerum ', '16');
INSERT INTO `Customer_Payment_Methods` (`customer_payment_id`, `payment_method_details`, `credit_card_bigint`, `payment_method_description`, `customer_id4`) VALUES ('4179', 'Sit perspiciatis libero quas sint corrupti vel. Re', '4539586022238524', 'Officia harum ut veritatis minus ea quo. Odio quia', '526');
INSERT INTO `Customer_Payment_Methods` (`customer_payment_id`, `payment_method_details`, `credit_card_bigint`, `payment_method_description`, `customer_id4`) VALUES ('4241', 'Recusandae et quidem et repudiandae. Voluptas et d', '5501753141587623', 'Quas earum sed quo rerum fugit aut. Inventore sit ', '3860');
INSERT INTO `Customer_Payment_Methods` (`customer_payment_id`, `payment_method_details`, `credit_card_bigint`, `payment_method_description`, `customer_id4`) VALUES ('4259', 'Voluptas rerum id ut praesentium. Qui omnis perspi', '4024007149244565', 'Nihil ipsum autem saepe commodi. Molestias qui non', '29784');
INSERT INTO `Customer_Payment_Methods` (`customer_payment_id`, `payment_method_details`, `credit_card_bigint`, `payment_method_description`, `customer_id4`) VALUES ('4262', 'Dolore reiciendis quia sequi provident ut beatae e', '4485880451850314', 'Aut molestiae praesentium quo ipsa. Consequatur mo', '318');
INSERT INTO `Customer_Payment_Methods` (`customer_payment_id`, `payment_method_details`, `credit_card_bigint`, `payment_method_description`, `customer_id4`) VALUES ('4304', 'Eos quaerat in enim vitae. Consequatur accusantium', '4716121113837079', 'Deleniti quia sapiente distinctio dolores quia. Qu', '95');
INSERT INTO `Customer_Payment_Methods` (`customer_payment_id`, `payment_method_details`, `credit_card_bigint`, `payment_method_description`, `customer_id4`) VALUES ('4329', 'Occaecati doloribus nostrum omnis dolores aliquam ', '6011963867328983', 'Quia ab pariatur dolores voluptas ex architecto. R', '4263064');
INSERT INTO `Customer_Payment_Methods` (`customer_payment_id`, `payment_method_details`, `credit_card_bigint`, `payment_method_description`, `customer_id4`) VALUES ('4348', 'Repellendus et qui velit eligendi repudiandae quas', '4916774389031', 'Dolorem quibusdam qui voluptates voluptas suscipit', '1056366');
INSERT INTO `Customer_Payment_Methods` (`customer_payment_id`, `payment_method_details`, `credit_card_bigint`, `payment_method_description`, `customer_id4`) VALUES ('4405', 'Consequuntur et saepe odit ut quod rerum. Tempora ', '5332477402079079', 'Illo ullam vero minus molestiae. Quo excepturi con', '67297921');
INSERT INTO `Customer_Payment_Methods` (`customer_payment_id`, `payment_method_details`, `credit_card_bigint`, `payment_method_description`, `customer_id4`) VALUES ('4411', 'Perferendis dolores non pariatur qui impedit. Et d', '5221999516373450', 'Est facere voluptas illo aut quo. Quibusdam accusa', '34059');
INSERT INTO `Customer_Payment_Methods` (`customer_payment_id`, `payment_method_details`, `credit_card_bigint`, `payment_method_description`, `customer_id4`) VALUES ('4539', 'Ut provident temporibus dolores iste numquam et es', '6011886979246617', 'Et veniam at praesentium maxime aut voluptatem. En', '95114886');
INSERT INTO `Customer_Payment_Methods` (`customer_payment_id`, `payment_method_details`, `credit_card_bigint`, `payment_method_description`, `customer_id4`) VALUES ('4547', 'Qui officia quo suscipit ullam unde ad. Eos laboru', '5533790030826729', 'Ea aut id voluptates accusantium est laboriosam ni', '435874680');
INSERT INTO `Customer_Payment_Methods` (`customer_payment_id`, `payment_method_details`, `credit_card_bigint`, `payment_method_description`, `customer_id4`) VALUES ('4570', 'Minus magnam nemo eius cum rerum similique culpa u', '6011088811756910', 'Nam necessitatibus aut voluptatem autem totam volu', '28282');
INSERT INTO `Customer_Payment_Methods` (`customer_payment_id`, `payment_method_details`, `credit_card_bigint`, `payment_method_description`, `customer_id4`) VALUES ('4596', 'Consequatur voluptas adipisci fugiat alias praesen', '373611872761503', 'Mollitia non non rerum eaque consequatur doloremqu', '178219919');
INSERT INTO `Customer_Payment_Methods` (`customer_payment_id`, `payment_method_details`, `credit_card_bigint`, `payment_method_description`, `customer_id4`) VALUES ('4624', 'Quas esse aperiam eum sit ut assumenda. Maiores re', '5278477282325206', 'Veniam dolorem autem dolor. Sed eum perspiciatis m', '95114886');
INSERT INTO `Customer_Payment_Methods` (`customer_payment_id`, `payment_method_details`, `credit_card_bigint`, `payment_method_description`, `customer_id4`) VALUES ('4640', 'In dolorum accusantium vel provident quo. Rerum ha', '5550073873361468', 'Occaecati omnis ad id ratione autem nemo. Assumend', '56904');
INSERT INTO `Customer_Payment_Methods` (`customer_payment_id`, `payment_method_details`, `credit_card_bigint`, `payment_method_description`, `customer_id4`) VALUES ('4721', 'Rerum odio numquam quia eius rerum. Ea nulla fuga ', '4556608824484', 'Modi dolores minus aut corrupti id eaque tenetur. ', '9188861');
INSERT INTO `Customer_Payment_Methods` (`customer_payment_id`, `payment_method_details`, `credit_card_bigint`, `payment_method_description`, `customer_id4`) VALUES ('4795', 'Facilis quod quia quo velit sit. Impedit et suscip', '4024007141863165', 'A quam ducimus id est odio occaecati. Excepturi ve', '28282');
INSERT INTO `Customer_Payment_Methods` (`customer_payment_id`, `payment_method_details`, `credit_card_bigint`, `payment_method_description`, `customer_id4`) VALUES ('4868', 'Autem sit atque magnam ut. Quod quasi expedita odi', '5363934291705602', 'Molestiae id accusamus ut maiores enim. Provident ', '166997');
INSERT INTO `Customer_Payment_Methods` (`customer_payment_id`, `payment_method_details`, `credit_card_bigint`, `payment_method_description`, `customer_id4`) VALUES ('4871', 'Velit autem atque error ipsam facilis architecto e', '5434203943243343', 'Magni porro consequatur esse. Dolores alias quia q', '6906');
INSERT INTO `Customer_Payment_Methods` (`customer_payment_id`, `payment_method_details`, `credit_card_bigint`, `payment_method_description`, `customer_id4`) VALUES ('4899', 'Est non in qui fugiat maxime. Neque iste dicta mag', '6011486400271517', 'Vel tempora nihil est facilis sapiente. Asperiores', '256390695');
INSERT INTO `Customer_Payment_Methods` (`customer_payment_id`, `payment_method_details`, `credit_card_bigint`, `payment_method_description`, `customer_id4`) VALUES ('4914', 'Voluptatum enim id earum explicabo. Odit iusto asp', '5124382124314766', 'Fugiat est facere dolores aliquam quam repellat. E', '23641');
INSERT INTO `Customer_Payment_Methods` (`customer_payment_id`, `payment_method_details`, `credit_card_bigint`, `payment_method_description`, `customer_id4`) VALUES ('4951', 'Et aperiam culpa quasi ex. Quas iure expedita quis', '4556678177139631', 'Accusamus nemo consectetur veniam ut alias. Illo q', '4734');
INSERT INTO `Customer_Payment_Methods` (`customer_payment_id`, `payment_method_details`, `credit_card_bigint`, `payment_method_description`, `customer_id4`) VALUES ('4965', 'Nam sunt nihil rem sunt in. Deserunt magni impedit', '4497822596716', 'Non omnis itaque beatae facere perspiciatis. Susci', '262');
INSERT INTO `Customer_Payment_Methods` (`customer_payment_id`, `payment_method_details`, `credit_card_bigint`, `payment_method_description`, `customer_id4`) VALUES ('4992', 'Perferendis nihil ipsa corporis vel sit suscipit v', '5163050172878057', 'Ut ab consequatur eligendi sequi quidem nobis sint', '358103');





INSERT INTO `Orders` (`order_id`, `order_details`, `date_order_placed`, `order_status_description`, `customer_id3`) VALUES ('42', 'Sunt quia dolorem voluptate. Esse sed voluptatem m', '2007-10-11', 'Dolore et quia nulla et. Quia doloribus suscipit c', '32632447');
INSERT INTO `Orders` (`order_id`, `order_details`, `date_order_placed`, `order_status_description`, `customer_id3`) VALUES ('45', 'Quia et laudantium modi possimus. Ipsum perferendi', '2019-08-11', 'Amet sunt autem consequatur quis aut ratione conse', '156702');
INSERT INTO `Orders` (`order_id`, `order_details`, `date_order_placed`, `order_status_description`, `customer_id3`) VALUES ('61', 'Eum deleniti ipsum dignissimos ipsum eius eius. Au', '1984-03-22', 'Mollitia animi recusandae assumenda non assumenda ', '94974475');
INSERT INTO `Orders` (`order_id`, `order_details`, `date_order_placed`, `order_status_description`, `customer_id3`) VALUES ('105', 'Quaerat omnis aut voluptate. Accusantium est quisq', '2005-09-09', 'Ipsum minus autem minima repellat voluptatem aut n', '318');
INSERT INTO `Orders` (`order_id`, `order_details`, `date_order_placed`, `order_status_description`, `customer_id3`) VALUES ('115', 'Impedit maiores eum et et. Velit cupiditate conseq', '1970-03-16', 'Et excepturi dolore error cumque voluptatum. Tempo', '9160');
INSERT INTO `Orders` (`order_id`, `order_details`, `date_order_placed`, `order_status_description`, `customer_id3`) VALUES ('118', 'Exercitationem omnis sapiente et aperiam accusamus', '1992-11-01', 'Fugit rerum nihil ipsam. Aliquid ex in cupiditate ', '7758398');
INSERT INTO `Orders` (`order_id`, `order_details`, `date_order_placed`, `order_status_description`, `customer_id3`) VALUES ('230', 'Quia amet at sunt at laborum sit qui quos. Corpori', '2011-07-24', 'Et ratione ipsam quae consequuntur laboriosam ad a', '20195');
INSERT INTO `Orders` (`order_id`, `order_details`, `date_order_placed`, `order_status_description`, `customer_id3`) VALUES ('292', 'Quam asperiores consequuntur qui reiciendis dolor ', '2003-10-25', 'Aut quasi aliquam eum ex vel. Reprehenderit qui nu', '7803971');
INSERT INTO `Orders` (`order_id`, `order_details`, `date_order_placed`, `order_status_description`, `customer_id3`) VALUES ('347', 'Ipsam vero ab pariatur fugit similique occaecati. ', '2000-09-21', 'Sed iusto dolor ducimus a et aut. In dignissimos m', '99');
INSERT INTO `Orders` (`order_id`, `order_details`, `date_order_placed`, `order_status_description`, `customer_id3`) VALUES ('354', 'Quia omnis deserunt consectetur id adipisci. Porro', '2001-08-22', 'Ut sit suscipit iusto ipsam magni voluptas. Sit qu', '95885480');
INSERT INTO `Orders` (`order_id`, `order_details`, `date_order_placed`, `order_status_description`, `customer_id3`) VALUES ('379', 'Nihil laborum optio ducimus rerum. Incidunt ea rec', '1996-06-10', 'Neque dolores aperiam ad similique voluptas enim a', '177');
INSERT INTO `Orders` (`order_id`, `order_details`, `date_order_placed`, `order_status_description`, `customer_id3`) VALUES ('464', 'Molestias aliquam natus iste laborum at quo. Vitae', '1975-08-28', 'Aut nihil exercitationem non est exercitationem cu', '358103');
INSERT INTO `Orders` (`order_id`, `order_details`, `date_order_placed`, `order_status_description`, `customer_id3`) VALUES ('466', 'Eveniet unde delectus qui et ut labore tenetur. Ip', '1975-03-31', 'Quis repellat est rem omnis. Consequatur quia ex v', '9553161');
INSERT INTO `Orders` (`order_id`, `order_details`, `date_order_placed`, `order_status_description`, `customer_id3`) VALUES ('474', 'Tempora voluptatem et numquam temporibus. Qui duci', '1978-01-02', 'Tempora modi consectetur fuga est illo quam nulla.', '287507212');
INSERT INTO `Orders` (`order_id`, `order_details`, `date_order_placed`, `order_status_description`, `customer_id3`) VALUES ('501', 'Est illo ipsum laudantium error beatae suscipit co', '1988-08-25', 'Eius voluptates quis sint est rerum. Qui est sed o', '2871318');
INSERT INTO `Orders` (`order_id`, `order_details`, `date_order_placed`, `order_status_description`, `customer_id3`) VALUES ('619', 'Officiis voluptatem et magnam nostrum dolor porro ', '2003-03-21', 'Deleniti aspernatur et dolorum repellendus. Non qu', '3819734');
INSERT INTO `Orders` (`order_id`, `order_details`, `date_order_placed`, `order_status_description`, `customer_id3`) VALUES ('641', 'Tempora placeat vitae et laborum aut quod natus. V', '2014-04-25', 'Non ratione id enim saepe hic sint. Doloribus id a', '6332');
INSERT INTO `Orders` (`order_id`, `order_details`, `date_order_placed`, `order_status_description`, `customer_id3`) VALUES ('700', 'Repellendus magnam vitae temporibus enim magnam ma', '1992-08-08', 'Dolorem adipisci dolores id natus velit mollitia q', '46090485');
INSERT INTO `Orders` (`order_id`, `order_details`, `date_order_placed`, `order_status_description`, `customer_id3`) VALUES ('767', 'Incidunt esse est iste itaque. Quisquam id aliquam', '1988-10-18', 'Enim cum nemo tenetur eos. Eum placeat delectus co', '435874680');
INSERT INTO `Orders` (`order_id`, `order_details`, `date_order_placed`, `order_status_description`, `customer_id3`) VALUES ('817', 'Et voluptas et id dolorum deleniti est aut. Magnam', '1979-08-30', 'In ipsam quia provident beatae a dignissimos sunt ', '3819734');
INSERT INTO `Orders` (`order_id`, `order_details`, `date_order_placed`, `order_status_description`, `customer_id3`) VALUES ('863', 'Tenetur omnis excepturi dolores ut nemo ea adipisc', '2017-07-13', 'Odio at aliquid perferendis nemo quis reprehenderi', '95131612');
INSERT INTO `Orders` (`order_id`, `order_details`, `date_order_placed`, `order_status_description`, `customer_id3`) VALUES ('926', 'Odit sequi natus fuga earum et sit ipsam perspicia', '1977-06-13', 'Alias itaque illum est provident numquam reprehend', '930429899');
INSERT INTO `Orders` (`order_id`, `order_details`, `date_order_placed`, `order_status_description`, `customer_id3`) VALUES ('958', 'Voluptatem aut qui eos et modi omnis. Nihil esse u', '2010-12-16', 'Non cumque rerum molestiae iure. Quisquam magni nu', '6332');
INSERT INTO `Orders` (`order_id`, `order_details`, `date_order_placed`, `order_status_description`, `customer_id3`) VALUES ('959', 'Tempore facere eaque praesentium soluta quia. Sed ', '1986-10-16', 'Fugiat tenetur ut laborum aut. Eaque in repudianda', '94115');
INSERT INTO `Orders` (`order_id`, `order_details`, `date_order_placed`, `order_status_description`, `customer_id3`) VALUES ('987', 'Eveniet officia harum fugiat ut nulla. Ut voluptat', '1972-03-28', 'Reiciendis cumque cum repudiandae iure perspiciati', '4263064');
INSERT INTO `Orders` (`order_id`, `order_details`, `date_order_placed`, `order_status_description`, `customer_id3`) VALUES ('1001', 'Sed vel minima libero sit. Est iusto ea et cupidit', '2013-08-10', 'Ut quos dolorem quae sit atque voluptas. Ea enim u', '8719486');
INSERT INTO `Orders` (`order_id`, `order_details`, `date_order_placed`, `order_status_description`, `customer_id3`) VALUES ('1026', 'Dicta deleniti nesciunt nihil doloremque mollitia.', '1985-11-06', 'Ex sequi quo maiores voluptas maxime sequi ut nemo', '3819734');
INSERT INTO `Orders` (`order_id`, `order_details`, `date_order_placed`, `order_status_description`, `customer_id3`) VALUES ('1051', 'Aut et quas enim reiciendis omnis vero. Et consect', '1985-05-31', 'Rerum aut cumque et nam sunt pariatur. Soluta et s', '0');
INSERT INTO `Orders` (`order_id`, `order_details`, `date_order_placed`, `order_status_description`, `customer_id3`) VALUES ('1077', 'Minus autem delectus inventore doloremque explicab', '2003-11-18', 'Architecto commodi odit laborum fugit animi corrup', '712');
INSERT INTO `Orders` (`order_id`, `order_details`, `date_order_placed`, `order_status_description`, `customer_id3`) VALUES ('1111', 'Illo ut est maxime quis suscipit perferendis. Odit', '1995-12-13', 'Magni velit iusto nostrum quas. Nobis quam dolore ', '0');
INSERT INTO `Orders` (`order_id`, `order_details`, `date_order_placed`, `order_status_description`, `customer_id3`) VALUES ('1114', 'Dolorum animi nemo incidunt in placeat error recus', '2009-11-29', 'Voluptatum voluptatem assumenda quisquam unde illo', '712');
INSERT INTO `Orders` (`order_id`, `order_details`, `date_order_placed`, `order_status_description`, `customer_id3`) VALUES ('1180', 'Quia quisquam et culpa repellendus temporibus inve', '2010-01-14', 'Quisquam et veniam eum. Eos error possimus sapient', '44144543');
INSERT INTO `Orders` (`order_id`, `order_details`, `date_order_placed`, `order_status_description`, `customer_id3`) VALUES ('1201', 'In veniam sed delectus nihil veritatis. Repellendu', '1984-11-13', 'Accusamus optio molestiae aperiam. Ducimus aliquam', '930429899');
INSERT INTO `Orders` (`order_id`, `order_details`, `date_order_placed`, `order_status_description`, `customer_id3`) VALUES ('1249', 'Cupiditate exercitationem et quibusdam sit. Numqua', '1983-06-04', 'Rerum ut nam voluptates perferendis alias. Distinc', '96380853');
INSERT INTO `Orders` (`order_id`, `order_details`, `date_order_placed`, `order_status_description`, `customer_id3`) VALUES ('1293', 'Nihil veritatis amet est. Rem voluptas enim cum na', '2018-08-20', 'Voluptatem deleniti dolore ut enim dolor beatae re', '67297921');
INSERT INTO `Orders` (`order_id`, `order_details`, `date_order_placed`, `order_status_description`, `customer_id3`) VALUES ('1296', 'Qui sequi iusto quae esse repellendus in dolore. E', '2006-08-27', 'Sint dolores sint dolor. Quidem aut odio velit ut ', '94115');
INSERT INTO `Orders` (`order_id`, `order_details`, `date_order_placed`, `order_status_description`, `customer_id3`) VALUES ('1297', 'Dolores et quas rem atque. Facilis facilis repella', '2018-06-20', 'Laboriosam voluptatum perferendis dolor similique.', '4050754');
INSERT INTO `Orders` (`order_id`, `order_details`, `date_order_placed`, `order_status_description`, `customer_id3`) VALUES ('1299', 'Perferendis et iure ea maiores sequi. Minus molest', '2008-01-19', 'Sit consequatur aut explicabo maxime quaerat inven', '97');
INSERT INTO `Orders` (`order_id`, `order_details`, `date_order_placed`, `order_status_description`, `customer_id3`) VALUES ('1306', 'Iure voluptatem nihil dolor in sed qui. Vero nostr', '1978-03-18', 'Officiis in voluptas omnis. Dolores laboriosam imp', '32632447');
INSERT INTO `Orders` (`order_id`, `order_details`, `date_order_placed`, `order_status_description`, `customer_id3`) VALUES ('1315', 'Iure quia natus dolorem error ut. Quia magnam et q', '2016-12-11', 'Dolor harum quasi libero. Optio iste quis at quam.', '358103');
INSERT INTO `Orders` (`order_id`, `order_details`, `date_order_placed`, `order_status_description`, `customer_id3`) VALUES ('1321', 'Voluptatem autem minus qui consequuntur distinctio', '1993-12-12', 'Est dolores dolorem enim porro dolorum. Velit dolo', '5086992');
INSERT INTO `Orders` (`order_id`, `order_details`, `date_order_placed`, `order_status_description`, `customer_id3`) VALUES ('1339', 'Veritatis rem et sed officia fugiat. Est veniam po', '2005-12-17', 'Ut similique non quia quod fuga. Illum commodi et ', '262');
INSERT INTO `Orders` (`order_id`, `order_details`, `date_order_placed`, `order_status_description`, `customer_id3`) VALUES ('1385', 'Qui in eaque omnis tempore. Ipsa consequuntur aut ', '1993-12-08', 'Distinctio earum aliquam voluptates cum. Modi aspe', '9553161');
INSERT INTO `Orders` (`order_id`, `order_details`, `date_order_placed`, `order_status_description`, `customer_id3`) VALUES ('1390', 'Et corporis ut assumenda est non dolore. Sint offi', '1975-08-10', 'Voluptatem ducimus deserunt enim. Iusto omnis id o', '624');
INSERT INTO `Orders` (`order_id`, `order_details`, `date_order_placed`, `order_status_description`, `customer_id3`) VALUES ('1408', 'Et non est deleniti aut suscipit earum. Iusto aspe', '2015-12-24', 'Ad qui optio quod nihil possimus ut voluptatum. Co', '156702');
INSERT INTO `Orders` (`order_id`, `order_details`, `date_order_placed`, `order_status_description`, `customer_id3`) VALUES ('1466', 'Quidem aut rerum consequatur ad esse doloribus. Re', '1999-06-29', 'Quis ut deleniti sint rem. Dolorum non cum blandit', '376');
INSERT INTO `Orders` (`order_id`, `order_details`, `date_order_placed`, `order_status_description`, `customer_id3`) VALUES ('1497', 'Dolor non eaque fugiat ab laborum sunt error et. O', '2012-10-12', 'Repellendus perferendis temporibus sapiente praese', '2038540');
INSERT INTO `Orders` (`order_id`, `order_details`, `date_order_placed`, `order_status_description`, `customer_id3`) VALUES ('1570', 'Qui voluptatibus omnis quo vitae ullam ex sed. Fac', '2006-01-09', 'Veniam provident sapiente sit doloremque ea molest', '75');
INSERT INTO `Orders` (`order_id`, `order_details`, `date_order_placed`, `order_status_description`, `customer_id3`) VALUES ('1638', 'Aut iusto repellendus eum sequi. Labore id dolorum', '2004-06-10', 'Quibusdam voluptatem sint officia qui ab voluptate', '94974475');
INSERT INTO `Orders` (`order_id`, `order_details`, `date_order_placed`, `order_status_description`, `customer_id3`) VALUES ('1659', 'Reiciendis tempora adipisci est ut ducimus. Rerum ', '1983-08-30', 'In voluptatem fuga consectetur in nisi corrupti. M', '21');
INSERT INTO `Orders` (`order_id`, `order_details`, `date_order_placed`, `order_status_description`, `customer_id3`) VALUES ('1717', 'Reiciendis fugit iure repudiandae nam non repellat', '1991-09-22', 'Ducimus sint voluptatem aperiam. Vel et et omnis n', '6906');
INSERT INTO `Orders` (`order_id`, `order_details`, `date_order_placed`, `order_status_description`, `customer_id3`) VALUES ('1769', 'Rerum et aut occaecati ut ut officiis. Earum repre', '1991-07-16', 'Ad molestiae unde aperiam corrupti voluptatem perf', '152');
INSERT INTO `Orders` (`order_id`, `order_details`, `date_order_placed`, `order_status_description`, `customer_id3`) VALUES ('1774', 'Magnam cumque porro occaecati qui quibusdam volupt', '2011-09-13', 'Et perferendis dolores et ea qui et. Id molestiae ', '0');
INSERT INTO `Orders` (`order_id`, `order_details`, `date_order_placed`, `order_status_description`, `customer_id3`) VALUES ('1819', 'Cupiditate sapiente eius hic assumenda perspiciati', '1989-03-15', 'Saepe nobis quod et totam dicta non est alias. Nat', '166997');
INSERT INTO `Orders` (`order_id`, `order_details`, `date_order_placed`, `order_status_description`, `customer_id3`) VALUES ('1847', 'Quo voluptas et reiciendis modi temporibus. Modi v', '1987-04-22', 'Assumenda fugit porro est qui. Porro distinctio ev', '727');
INSERT INTO `Orders` (`order_id`, `order_details`, `date_order_placed`, `order_status_description`, `customer_id3`) VALUES ('1936', 'Minima voluptas accusantium excepturi sed et qui q', '1980-01-01', 'Quia aut ipsum sed animi eum ad quaerat. Voluptati', '621');
INSERT INTO `Orders` (`order_id`, `order_details`, `date_order_placed`, `order_status_description`, `customer_id3`) VALUES ('1956', 'Assumenda quibusdam corrupti ratione nam eum fugia', '1989-07-27', 'Consectetur reiciendis qui velit quas tenetur dolo', '6332');
INSERT INTO `Orders` (`order_id`, `order_details`, `date_order_placed`, `order_status_description`, `customer_id3`) VALUES ('2006', 'Quia commodi repellat quas. Et eum est non digniss', '1984-09-08', 'Et rerum consequatur enim vel earum. Qui ratione n', '48');
INSERT INTO `Orders` (`order_id`, `order_details`, `date_order_placed`, `order_status_description`, `customer_id3`) VALUES ('2055', 'Adipisci illum et tempore aut dignissimos commodi ', '1980-12-22', 'Aliquam ex aut nulla sint aut ea. Quidem consectet', '84948');
INSERT INTO `Orders` (`order_id`, `order_details`, `date_order_placed`, `order_status_description`, `customer_id3`) VALUES ('2077', 'Error et quo exercitationem et nobis. Qui quibusda', '1985-04-15', 'Perferendis assumenda est dolores dolorem quod qui', '9188861');
INSERT INTO `Orders` (`order_id`, `order_details`, `date_order_placed`, `order_status_description`, `customer_id3`) VALUES ('2103', 'Impedit molestiae sunt ut et aliquid et sequi nam.', '1980-05-13', 'Recusandae qui et fugiat voluptas ut consequatur c', '95131612');
INSERT INTO `Orders` (`order_id`, `order_details`, `date_order_placed`, `order_status_description`, `customer_id3`) VALUES ('2106', 'Qui commodi non totam numquam facere. Eos tempora ', '1980-12-19', 'Doloremque aspernatur dignissimos aliquam est ut u', '5466');
INSERT INTO `Orders` (`order_id`, `order_details`, `date_order_placed`, `order_status_description`, `customer_id3`) VALUES ('2108', 'Et qui reiciendis culpa dolores. Dolores rerum vol', '1992-08-09', 'Quas laudantium est neque sapiente quasi id. Iure ', '809476312');
INSERT INTO `Orders` (`order_id`, `order_details`, `date_order_placed`, `order_status_description`, `customer_id3`) VALUES ('2132', 'Ea recusandae doloribus doloremque nam minima. Vol', '2005-02-08', 'Alias expedita reprehenderit accusantium expedita.', '995687977');
INSERT INTO `Orders` (`order_id`, `order_details`, `date_order_placed`, `order_status_description`, `customer_id3`) VALUES ('2148', 'Ut dolor perferendis ut veniam voluptate. Libero r', '1995-05-13', 'Et perferendis totam tempora. Provident rerum prov', '177');
INSERT INTO `Orders` (`order_id`, `order_details`, `date_order_placed`, `order_status_description`, `customer_id3`) VALUES ('2174', 'Corrupti unde magnam autem sed molestiae est asper', '1972-11-24', 'Est illum voluptas tenetur repudiandae possimus. R', '156702');
INSERT INTO `Orders` (`order_id`, `order_details`, `date_order_placed`, `order_status_description`, `customer_id3`) VALUES ('2184', 'Doloribus voluptas minus esse sint in. Non eius co', '1986-04-30', 'Id eius quidem aut itaque ratione consequatur. Err', '38');
INSERT INTO `Orders` (`order_id`, `order_details`, `date_order_placed`, `order_status_description`, `customer_id3`) VALUES ('2193', 'Assumenda vel cum soluta qui laborum earum. Volupt', '1990-08-30', 'Laboriosam officiis esse voluptatum velit. Quas is', '526');
INSERT INTO `Orders` (`order_id`, `order_details`, `date_order_placed`, `order_status_description`, `customer_id3`) VALUES ('2203', 'Nostrum et corporis et qui. Ad aliquid temporibus ', '1974-06-12', 'Nisi dolor asperiores quis hic repellat. Perspicia', '152');
INSERT INTO `Orders` (`order_id`, `order_details`, `date_order_placed`, `order_status_description`, `customer_id3`) VALUES ('2217', 'Dignissimos inventore ipsum aut consequatur aut do', '2011-09-14', 'Placeat fugiat rem sed repudiandae quis et odio. P', '40230583');
INSERT INTO `Orders` (`order_id`, `order_details`, `date_order_placed`, `order_status_description`, `customer_id3`) VALUES ('2270', 'Totam odio nisi dolorem eveniet cum expedita. Eum ', '1987-06-24', 'Necessitatibus nostrum quia eos iure ab. Doloremqu', '435');
INSERT INTO `Orders` (`order_id`, `order_details`, `date_order_placed`, `order_status_description`, `customer_id3`) VALUES ('2282', 'Accusamus debitis quia vero. Expedita omnis aut am', '1970-10-30', 'Officiis quia sunt quaerat eos. Qui non delectus q', '94115');
INSERT INTO `Orders` (`order_id`, `order_details`, `date_order_placed`, `order_status_description`, `customer_id3`) VALUES ('2288', 'Quod esse nostrum corrupti quia corporis. Earum do', '2007-02-04', 'In voluptates expedita voluptatum non. Ea iusto ma', '712');
INSERT INTO `Orders` (`order_id`, `order_details`, `date_order_placed`, `order_status_description`, `customer_id3`) VALUES ('2320', 'Facere explicabo quis necessitatibus nisi est fugi', '2017-06-22', 'Et quam deserunt reiciendis quo. Et voluptatem ius', '48251946');
INSERT INTO `Orders` (`order_id`, `order_details`, `date_order_placed`, `order_status_description`, `customer_id3`) VALUES ('2327', 'Ducimus deleniti voluptates perspiciatis. Voluptat', '2019-02-06', 'At sint repudiandae eum molestiae. Alias consectet', '88416');
INSERT INTO `Orders` (`order_id`, `order_details`, `date_order_placed`, `order_status_description`, `customer_id3`) VALUES ('2350', 'Sed earum incidunt impedit unde sit nihil nihil. E', '1981-04-07', 'Dolore est reiciendis labore aut modi et. Natus do', '40230583');
INSERT INTO `Orders` (`order_id`, `order_details`, `date_order_placed`, `order_status_description`, `customer_id3`) VALUES ('2363', 'Quidem ipsa ipsum aut non adipisci corrupti. Quae ', '2020-03-27', 'Natus et doloribus dicta eius voluptatem inventore', '48251946');
INSERT INTO `Orders` (`order_id`, `order_details`, `date_order_placed`, `order_status_description`, `customer_id3`) VALUES ('2423', 'Et ipsam nulla et quos. Et dolorem repellat sed al', '1998-05-27', 'Quo harum reiciendis eligendi alias iste sunt ab. ', '886');
INSERT INTO `Orders` (`order_id`, `order_details`, `date_order_placed`, `order_status_description`, `customer_id3`) VALUES ('2482', 'Autem deleniti molestias amet. Necessitatibus eos ', '1995-08-29', 'Qui ut tempore vitae corrupti corporis natus dolor', '5086992');
INSERT INTO `Orders` (`order_id`, `order_details`, `date_order_placed`, `order_status_description`, `customer_id3`) VALUES ('2518', 'Quis ut possimus illum qui eveniet tempora sit non', '1984-02-15', 'Dolorem ipsam laudantium voluptas consequatur. Vol', '646834');
INSERT INTO `Orders` (`order_id`, `order_details`, `date_order_placed`, `order_status_description`, `customer_id3`) VALUES ('2543', 'Debitis totam laudantium non est et. Quis saepe sa', '1992-01-08', 'Praesentium ea voluptas et placeat autem. Deleniti', '9200039');
INSERT INTO `Orders` (`order_id`, `order_details`, `date_order_placed`, `order_status_description`, `customer_id3`) VALUES ('2560', 'Rerum aut corrupti minima soluta laboriosam. Quibu', '1993-12-07', 'Quo repellat nam ea id vero. Nulla non aperiam adi', '46090485');
INSERT INTO `Orders` (`order_id`, `order_details`, `date_order_placed`, `order_status_description`, `customer_id3`) VALUES ('2587', 'Repellendus eum vitae excepturi error distinctio q', '2009-11-15', 'Ut perspiciatis ut iure amet. Praesentium neque co', '7803971');
INSERT INTO `Orders` (`order_id`, `order_details`, `date_order_placed`, `order_status_description`, `customer_id3`) VALUES ('2601', 'Quaerat maiores reiciendis est molestiae repellat ', '2010-08-07', 'Iure aspernatur pariatur magni illum labore. Volup', '46090485');
INSERT INTO `Orders` (`order_id`, `order_details`, `date_order_placed`, `order_status_description`, `customer_id3`) VALUES ('2607', 'Ipsa et sunt vitae placeat fugit quo at. Mollitia ', '1994-05-19', 'Amet fugit ut culpa consectetur nisi commodi aut. ', '9160');
INSERT INTO `Orders` (`order_id`, `order_details`, `date_order_placed`, `order_status_description`, `customer_id3`) VALUES ('2622', 'Et porro tempore et iusto. Dolores ut tempora et n', '1975-01-24', 'Quasi dolores quas rerum soluta voluptas exercitat', '44144543');
INSERT INTO `Orders` (`order_id`, `order_details`, `date_order_placed`, `order_status_description`, `customer_id3`) VALUES ('2623', 'Reprehenderit consequatur non vero molestiae quasi', '1995-06-09', 'Vitae dolorem ad earum doloribus eos id. Vel maior', '9188861');
INSERT INTO `Orders` (`order_id`, `order_details`, `date_order_placed`, `order_status_description`, `customer_id3`) VALUES ('2659', 'Eius omnis suscipit nesciunt possimus sunt soluta ', '1983-09-19', 'Et numquam voluptatem sit officiis commodi nemo ut', '7803971');
INSERT INTO `Orders` (`order_id`, `order_details`, `date_order_placed`, `order_status_description`, `customer_id3`) VALUES ('2670', 'Omnis esse exercitationem accusamus voluptatibus u', '1984-09-02', 'Rerum consequatur sequi omnis iste. Voluptate et q', '29784');
INSERT INTO `Orders` (`order_id`, `order_details`, `date_order_placed`, `order_status_description`, `customer_id3`) VALUES ('2719', 'Quos error magni fuga ea eaque ullam ut. Est omnis', '1974-08-22', 'Nemo voluptatem quibusdam non excepturi sed repreh', '96380853');
INSERT INTO `Orders` (`order_id`, `order_details`, `date_order_placed`, `order_status_description`, `customer_id3`) VALUES ('2745', 'Ut fugit doloribus aliquam aut praesentium. Numqua', '2004-02-23', 'Dolorum praesentium enim corporis. Veritatis hic s', '97');
INSERT INTO `Orders` (`order_id`, `order_details`, `date_order_placed`, `order_status_description`, `customer_id3`) VALUES ('2764', 'Quod fuga aliquid eligendi cumque iure. Et sit mod', '2014-11-27', 'Et odit natus adipisci sunt vel odit voluptatem qu', '119');
INSERT INTO `Orders` (`order_id`, `order_details`, `date_order_placed`, `order_status_description`, `customer_id3`) VALUES ('2772', 'Nihil odio eum dicta odit natus officiis et aut. D', '2008-01-02', 'Asperiores quia vel molestias qui nostrum quia. Es', '95');
INSERT INTO `Orders` (`order_id`, `order_details`, `date_order_placed`, `order_status_description`, `customer_id3`) VALUES ('2793', 'Ut praesentium nisi minus quos libero illum qui. A', '1995-05-06', 'Aut veniam nesciunt vel beatae. Aut iure et et sim', '152374690');
INSERT INTO `Orders` (`order_id`, `order_details`, `date_order_placed`, `order_status_description`, `customer_id3`) VALUES ('2832', 'Dicta non adipisci quis sapiente delectus consequa', '2015-04-16', 'Et qui ducimus hic quis fugit natus nulla nihil. C', '95885480');
INSERT INTO `Orders` (`order_id`, `order_details`, `date_order_placed`, `order_status_description`, `customer_id3`) VALUES ('2855', 'Dolor ad ut sed sed at quae harum. Qui minima omni', '1984-04-16', 'Animi eaque a non consequatur. Est doloribus rerum', '48');
INSERT INTO `Orders` (`order_id`, `order_details`, `date_order_placed`, `order_status_description`, `customer_id3`) VALUES ('2874', 'Nemo odit soluta id sequi et. Ut alias in omnis de', '1981-03-20', 'Sequi illum quod quia placeat. Quam eos qui unde o', '0');
INSERT INTO `Orders` (`order_id`, `order_details`, `date_order_placed`, `order_status_description`, `customer_id3`) VALUES ('2961', 'Iure cupiditate id voluptates perspiciatis autem t', '2013-03-08', 'Ut voluptatibus voluptatem corporis cum et et. Eos', '1');
INSERT INTO `Orders` (`order_id`, `order_details`, `date_order_placed`, `order_status_description`, `customer_id3`) VALUES ('2989', 'Nulla sapiente sint omnis voluptas aut in tempora ', '2001-01-22', 'Est est minus ea iste iure et doloremque. Rerum to', '48251946');
INSERT INTO `Orders` (`order_id`, `order_details`, `date_order_placed`, `order_status_description`, `customer_id3`) VALUES ('2992', 'Aspernatur et consequatur voluptatibus in odio. Te', '1987-09-25', 'Maiores laborum omnis quis mollitia ratione quas p', '84948');




INSERT INTO `Invoices` (`invoice_bigint`, `invoice_date`, `invoice_details`, `invoice_status_description`, `order_id4`) VALUES ('69', '2018-03-04', 'Ad hic autem sequi error nam. Voluptatem sed praes', 'Et expedita velit accusantium cupiditate. Temporib', '118');
INSERT INTO `Invoices` (`invoice_bigint`, `invoice_date`, `invoice_details`, `invoice_status_description`, `order_id4`) VALUES ('83', '2000-07-11', 'Minus voluptas error vitae ut harum est beatae exc', 'Cum tempora et quis culpa illum eligendi eos vitae', '2203');
INSERT INTO `Invoices` (`invoice_bigint`, `invoice_date`, `invoice_details`, `invoice_status_description`, `order_id4`) VALUES ('249', '2005-06-20', 'Ut necessitatibus pariatur delectus odio et dolore', 'Non accusantium vel est consequuntur. Repellat har', '2560');
INSERT INTO `Invoices` (`invoice_bigint`, `invoice_date`, `invoice_details`, `invoice_status_description`, `order_id4`) VALUES ('630', '1991-11-26', 'Molestias autem voluptatum voluptate voluptatibus.', 'Est asperiores voluptatem vitae ratione. Voluptate', '1936');
INSERT INTO `Invoices` (`invoice_bigint`, `invoice_date`, `invoice_details`, `invoice_status_description`, `order_id4`) VALUES ('759', '1977-05-13', 'Cupiditate inventore fugit ratione similique provi', 'Alias expedita similique esse aut veritatis expedi', '2350');
INSERT INTO `Invoices` (`invoice_bigint`, `invoice_date`, `invoice_details`, `invoice_status_description`, `order_id4`) VALUES ('805', '1979-01-07', 'Ullam omnis et amet et itaque voluptatum. Nesciunt', 'Asperiores laudantium ipsum hic dolore quia. Eos i', '2745');
INSERT INTO `Invoices` (`invoice_bigint`, `invoice_date`, `invoice_details`, `invoice_status_description`, `order_id4`) VALUES ('1011', '2008-08-29', 'Porro at sequi itaque tempora. Similique molestiae', 'Molestias dolor velit aliquid delectus nostrum sit', '61');
INSERT INTO `Invoices` (`invoice_bigint`, `invoice_date`, `invoice_details`, `invoice_status_description`, `order_id4`) VALUES ('1337', '1972-11-06', 'Libero quos veritatis eos in blanditiis porro aut.', 'Sit enim iusto cupiditate veritatis ut ut accusamu', '700');
INSERT INTO `Invoices` (`invoice_bigint`, `invoice_date`, `invoice_details`, `invoice_status_description`, `order_id4`) VALUES ('1356', '2004-03-11', 'Exercitationem magnam quas aut a aperiam sit omnis', 'Nostrum eligendi quia voluptatem vero sapiente pos', '2350');
INSERT INTO `Invoices` (`invoice_bigint`, `invoice_date`, `invoice_details`, `invoice_status_description`, `order_id4`) VALUES ('1494', '1981-06-24', 'Accusantium mollitia id ut tempore cum omnis volup', 'Vel eveniet aliquid perspiciatis praesentium sint ', '1956');
INSERT INTO `Invoices` (`invoice_bigint`, `invoice_date`, `invoice_details`, `invoice_status_description`, `order_id4`) VALUES ('1498', '1972-04-18', 'Aperiam magni consequatur ut expedita sed. Accusan', 'Et quo aut voluptas quia. Sint debitis reiciendis ', '2961');
INSERT INTO `Invoices` (`invoice_bigint`, `invoice_date`, `invoice_details`, `invoice_status_description`, `order_id4`) VALUES ('1547', '2016-01-04', 'Sint quas iste quia tempora laudantium ex. Dolor l', 'Quibusdam molestiae a eos aliquid harum. Autem ali', '2764');
INSERT INTO `Invoices` (`invoice_bigint`, `invoice_date`, `invoice_details`, `invoice_status_description`, `order_id4`) VALUES ('1549', '1998-01-12', 'Officiis enim autem esse praesentium aut occaecati', 'Velit tempore debitis atque eum ipsum. Rerum qui p', '2077');
INSERT INTO `Invoices` (`invoice_bigint`, `invoice_date`, `invoice_details`, `invoice_status_description`, `order_id4`) VALUES ('1646', '1978-04-12', 'Asperiores suscipit aut nam blanditiis. Ipsa et no', 'Incidunt et qui impedit impedit autem qui quia qui', '619');
INSERT INTO `Invoices` (`invoice_bigint`, `invoice_date`, `invoice_details`, `invoice_status_description`, `order_id4`) VALUES ('1667', '2004-09-24', 'Veritatis reiciendis iste in dicta et inventore. C', 'In omnis minima aliquam maiores et vitae a ut. Vel', '230');
INSERT INTO `Invoices` (`invoice_bigint`, `invoice_date`, `invoice_details`, `invoice_status_description`, `order_id4`) VALUES ('1839', '2017-04-21', 'Qui velit accusantium vel deserunt veritatis exerc', 'Voluptas velit sed cupiditate soluta consequatur. ', '1936');
INSERT INTO `Invoices` (`invoice_bigint`, `invoice_date`, `invoice_details`, `invoice_status_description`, `order_id4`) VALUES ('1945', '1989-07-14', 'Aliquid asperiores voluptas qui in debitis. Numqua', 'Voluptas perferendis harum cum voluptatibus iusto ', '2670');
INSERT INTO `Invoices` (`invoice_bigint`, `invoice_date`, `invoice_details`, `invoice_status_description`, `order_id4`) VALUES ('1978', '2004-03-15', 'Dignissimos cum aliquam facilis. Alias sed molesti', 'Nostrum aspernatur dicta iste hic corporis qui qui', '292');
INSERT INTO `Invoices` (`invoice_bigint`, `invoice_date`, `invoice_details`, `invoice_status_description`, `order_id4`) VALUES ('1989', '1983-05-21', 'Consequatur suscipit ut molestiae at quidem minima', 'Rerum numquam laborum recusandae est. Quaerat nemo', '2772');
INSERT INTO `Invoices` (`invoice_bigint`, `invoice_date`, `invoice_details`, `invoice_status_description`, `order_id4`) VALUES ('2160', '1979-09-05', 'Quos ut iure veritatis sed sunt. Quo cumque deseru', 'Eum labore magni qui harum quod. Quisquam voluptat', '61');
INSERT INTO `Invoices` (`invoice_bigint`, `invoice_date`, `invoice_details`, `invoice_status_description`, `order_id4`) VALUES ('2306', '1987-05-01', 'Debitis eos delectus amet eum aperiam reiciendis a', 'Rem aut ipsa debitis et ipsa ut modi. Aut qui reru', '2874');
INSERT INTO `Invoices` (`invoice_bigint`, `invoice_date`, `invoice_details`, `invoice_status_description`, `order_id4`) VALUES ('2393', '2010-05-30', 'Rerum rerum velit qui qui quo. Ex quo laudantium q', 'Eligendi ad aut quo perferendis aspernatur assumen', '2217');
INSERT INTO `Invoices` (`invoice_bigint`, `invoice_date`, `invoice_details`, `invoice_status_description`, `order_id4`) VALUES ('2396', '1980-04-09', 'Doloremque in sequi distinctio fugiat dolores dolo', 'Possimus quia voluptatum assumenda repellendus qui', '863');
INSERT INTO `Invoices` (`invoice_bigint`, `invoice_date`, `invoice_details`, `invoice_status_description`, `order_id4`) VALUES ('2652', '1978-04-27', 'Consequatur ut accusamus aliquid non. Excepturi si', 'Suscipit et sed et consequatur quibusdam. Necessit', '2587');
INSERT INTO `Invoices` (`invoice_bigint`, `invoice_date`, `invoice_details`, `invoice_status_description`, `order_id4`) VALUES ('2771', '1976-06-19', 'Qui voluptatibus necessitatibus eius repellendus o', 'Porro quibusdam cumque aliquid in qui. Et voluptat', '1315');
INSERT INTO `Invoices` (`invoice_bigint`, `invoice_date`, `invoice_details`, `invoice_status_description`, `order_id4`) VALUES ('2825', '1975-09-09', 'Voluptatem minus ea incidunt voluptates accusantiu', 'Nesciunt similique beatae ut a libero ipsam explic', '2108');
INSERT INTO `Invoices` (`invoice_bigint`, `invoice_date`, `invoice_details`, `invoice_status_description`, `order_id4`) VALUES ('3155', '1977-06-08', 'Ut quae dolorem asperiores officia iusto. Dolorem ', 'Aut ipsa nisi laudantium rerum ut qui. Quas recusa', '1315');
INSERT INTO `Invoices` (`invoice_bigint`, `invoice_date`, `invoice_details`, `invoice_status_description`, `order_id4`) VALUES ('3232', '2004-07-05', 'Debitis enim sed est minima labore vel a et. Recus', 'Corrupti et sit inventore non et eum odit. Nostrum', '45');
INSERT INTO `Invoices` (`invoice_bigint`, `invoice_date`, `invoice_details`, `invoice_status_description`, `order_id4`) VALUES ('3270', '1983-04-09', 'Perspiciatis quaerat quas cupiditate nobis. Tenetu', 'Vel tempore temporibus quasi soluta in. Amet et di', '2482');
INSERT INTO `Invoices` (`invoice_bigint`, `invoice_date`, `invoice_details`, `invoice_status_description`, `order_id4`) VALUES ('3365', '2012-12-15', 'Perspiciatis quasi alias dicta consequatur ad ut. ', 'Rerum impedit non quam dolores laborum. Consequatu', '1114');
INSERT INTO `Invoices` (`invoice_bigint`, `invoice_date`, `invoice_details`, `invoice_status_description`, `order_id4`) VALUES ('3426', '1985-03-04', 'Dolores dicta numquam sit sint qui aut labore. Ut ', 'Ducimus dolorem fugiat quo minima et eos. Quae duc', '2622');
INSERT INTO `Invoices` (`invoice_bigint`, `invoice_date`, `invoice_details`, `invoice_status_description`, `order_id4`) VALUES ('3443', '1988-12-01', 'Ipsa numquam distinctio voluptatibus veniam sunt. ', 'Ea cum nobis ut saepe quis cum. Officiis incidunt ', '2482');
INSERT INTO `Invoices` (`invoice_bigint`, `invoice_date`, `invoice_details`, `invoice_status_description`, `order_id4`) VALUES ('3500', '1981-07-30', 'Assumenda unde dolores quibusdam possimus corrupti', 'Adipisci laudantium rerum architecto temporibus. N', '641');
INSERT INTO `Invoices` (`invoice_bigint`, `invoice_date`, `invoice_details`, `invoice_status_description`, `order_id4`) VALUES ('3859', '2019-02-04', 'Consequuntur dolores occaecati at exercitationem c', 'Cumque dolores vero eveniet vel fugiat maiores asp', '1293');
INSERT INTO `Invoices` (`invoice_bigint`, `invoice_date`, `invoice_details`, `invoice_status_description`, `order_id4`) VALUES ('3954', '1995-03-18', 'Magnam nam cumque ex hic dolorum explicabo volupta', 'Deleniti iste dignissimos est ea. Consequatur et m', '1497');
INSERT INTO `Invoices` (`invoice_bigint`, `invoice_date`, `invoice_details`, `invoice_status_description`, `order_id4`) VALUES ('3971', '2001-12-13', 'Deserunt non qui quia. Vel vitae dolorem vel. Eos ', 'Quam maiores est animi nulla omnis atque quia. Non', '1466');
INSERT INTO `Invoices` (`invoice_bigint`, `invoice_date`, `invoice_details`, `invoice_status_description`, `order_id4`) VALUES ('4164', '1994-04-10', 'Harum odit impedit est ipsam porro. Reprehenderit ', 'Culpa et laudantium dolor velit nihil quia nulla. ', '1001');
INSERT INTO `Invoices` (`invoice_bigint`, `invoice_date`, `invoice_details`, `invoice_status_description`, `order_id4`) VALUES ('4266', '1979-08-12', 'Quae ut earum qui. In rerum voluptates ipsum aut t', 'Doloremque officiis excepturi id occaecati unde. I', '2193');
INSERT INTO `Invoices` (`invoice_bigint`, `invoice_date`, `invoice_details`, `invoice_status_description`, `order_id4`) VALUES ('4410', '2016-03-20', 'Libero quia quo perspiciatis quod. Dicta voluptas ', 'Aut dolorem nostrum quisquam qui nemo corrupti imp', '1114');
INSERT INTO `Invoices` (`invoice_bigint`, `invoice_date`, `invoice_details`, `invoice_status_description`, `order_id4`) VALUES ('4418', '1970-06-19', 'Facilis minima numquam quia doloremque unde volupt', 'Qui molestiae temporibus facere at. Sed qui ea max', '1847');
INSERT INTO `Invoices` (`invoice_bigint`, `invoice_date`, `invoice_details`, `invoice_status_description`, `order_id4`) VALUES ('4660', '1983-05-25', 'Qui impedit commodi pariatur rerum provident nisi ', 'Voluptatem suscipit officiis voluptas minus ad ips', '347');
INSERT INTO `Invoices` (`invoice_bigint`, `invoice_date`, `invoice_details`, `invoice_status_description`, `order_id4`) VALUES ('4806', '1986-03-22', 'Enim aut dolorem quos nihil quo quis. Ipsa volupta', 'Eveniet iste earum in voluptas. Dolorum quo ipsum ', '2745');
INSERT INTO `Invoices` (`invoice_bigint`, `invoice_date`, `invoice_details`, `invoice_status_description`, `order_id4`) VALUES ('4840', '1981-04-17', 'Molestiae architecto dolorum et nisi. Expedita vol', 'Nostrum corrupti ipsam quaerat esse quis. Quia qui', '1306');
INSERT INTO `Invoices` (`invoice_bigint`, `invoice_date`, `invoice_details`, `invoice_status_description`, `order_id4`) VALUES ('5129', '1999-11-19', 'Qui corrupti quae officia. Magni repudiandae ab mo', 'Pariatur eveniet vero suscipit sed doloremque et q', '1956');
INSERT INTO `Invoices` (`invoice_bigint`, `invoice_date`, `invoice_details`, `invoice_status_description`, `order_id4`) VALUES ('5183', '1981-03-16', 'Voluptas voluptas numquam deleniti est. Quam non a', 'Non voluptas et ut est. Culpa sed eum nisi asperio', '42');
INSERT INTO `Invoices` (`invoice_bigint`, `invoice_date`, `invoice_details`, `invoice_status_description`, `order_id4`) VALUES ('5195', '1975-12-19', 'Sequi veniam deleniti tenetur hic dolorum et exerc', 'Est dicta ex saepe ut. Voluptatem et vitae praesen', '2961');
INSERT INTO `Invoices` (`invoice_bigint`, `invoice_date`, `invoice_details`, `invoice_status_description`, `order_id4`) VALUES ('5338', '1986-06-21', 'Repellendus eveniet rerum sunt omnis. Minus ipsam ', 'Qui veniam corrupti voluptatum officiis quisquam l', '619');
INSERT INTO `Invoices` (`invoice_bigint`, `invoice_date`, `invoice_details`, `invoice_status_description`, `order_id4`) VALUES ('5388', '2020-01-18', 'Quos sed omnis id hic sit voluptatem doloremque. I', 'Expedita tempore rerum delectus odio rerum est. Nu', '1180');
INSERT INTO `Invoices` (`invoice_bigint`, `invoice_date`, `invoice_details`, `invoice_status_description`, `order_id4`) VALUES ('5482', '1986-01-04', 'Cupiditate eveniet aut quod non quisquam non sint.', 'Blanditiis nemo unde voluptatem. Et optio atque la', '619');
INSERT INTO `Invoices` (`invoice_bigint`, `invoice_date`, `invoice_details`, `invoice_status_description`, `order_id4`) VALUES ('5576', '1992-08-01', 'Sint qui natus earum et voluptates delectus. Iste ', 'Maxime vitae ipsa et delectus ab. Et sed sit quasi', '1201');
INSERT INTO `Invoices` (`invoice_bigint`, `invoice_date`, `invoice_details`, `invoice_status_description`, `order_id4`) VALUES ('5579', '1991-04-12', 'Recusandae ad voluptas harum inventore sunt sint. ', 'Sint excepturi similique doloribus vel vel numquam', '1296');
INSERT INTO `Invoices` (`invoice_bigint`, `invoice_date`, `invoice_details`, `invoice_status_description`, `order_id4`) VALUES ('5588', '2011-12-12', 'Ea deserunt ex ad sed voluptas. Omnis qui dolore v', 'Suscipit facere sed eveniet quis. Inventore autem ', '347');
INSERT INTO `Invoices` (`invoice_bigint`, `invoice_date`, `invoice_details`, `invoice_status_description`, `order_id4`) VALUES ('5601', '1995-03-07', 'Voluptatum sed ex beatae rerum iure laudantium. Al', 'Quia explicabo ducimus et. Beatae et ex autem volu', '2560');
INSERT INTO `Invoices` (`invoice_bigint`, `invoice_date`, `invoice_details`, `invoice_status_description`, `order_id4`) VALUES ('5797', '1984-06-30', 'Et et modi et et. Quos suscipit nesciunt pariatur ', 'Ea similique ut fugit quis. Eius dolor in aliquid ', '1390');
INSERT INTO `Invoices` (`invoice_bigint`, `invoice_date`, `invoice_details`, `invoice_status_description`, `order_id4`) VALUES ('5839', '1988-06-23', 'Eligendi molestias est ex aliquam sed. Aut minus e', 'Autem tenetur est et pariatur natus id. Minus vita', '1638');
INSERT INTO `Invoices` (`invoice_bigint`, `invoice_date`, `invoice_details`, `invoice_status_description`, `order_id4`) VALUES ('5897', '1974-10-09', 'Sint perspiciatis vel libero alias qui sunt. Nulla', 'Quo cum consequatur quo quas sunt illo aperiam. Et', '2587');
INSERT INTO `Invoices` (`invoice_bigint`, `invoice_date`, `invoice_details`, `invoice_status_description`, `order_id4`) VALUES ('5898', '2001-01-02', 'Tenetur amet velit quis ea ad cum. Reprehenderit q', 'Velit et dolorem consequatur quia dolorem. Repudia', '115');
INSERT INTO `Invoices` (`invoice_bigint`, `invoice_date`, `invoice_details`, `invoice_status_description`, `order_id4`) VALUES ('6306', '1994-08-17', 'Illum dolores impedit aperiam nulla ut sit. Illo a', 'Eum sunt eligendi qui doloremque fuga. Pariatur qu', '1769');
INSERT INTO `Invoices` (`invoice_bigint`, `invoice_date`, `invoice_details`, `invoice_status_description`, `order_id4`) VALUES ('6343', '2002-03-28', 'Iusto facere eveniet deleniti quidem earum. Est no', 'Fugiat voluptatem et sed. Eum in non blanditiis ac', '2670');
INSERT INTO `Invoices` (`invoice_bigint`, `invoice_date`, `invoice_details`, `invoice_status_description`, `order_id4`) VALUES ('6576', '2018-11-25', 'Eaque illo facere aperiam ratione. Ut molestiae si', 'Reprehenderit animi maiores reprehenderit. Repella', '230');
INSERT INTO `Invoices` (`invoice_bigint`, `invoice_date`, `invoice_details`, `invoice_status_description`, `order_id4`) VALUES ('6836', '2001-02-11', 'In laborum labore quaerat praesentium. Est iure in', 'Labore atque minima minus at voluptatem. Incidunt ', '1774');
INSERT INTO `Invoices` (`invoice_bigint`, `invoice_date`, `invoice_details`, `invoice_status_description`, `order_id4`) VALUES ('6993', '1995-01-17', 'Voluptatem blanditiis vel inventore et. Aut impedi', 'Sed dolores cum et voluptatem. Deserunt temporibus', '466');
INSERT INTO `Invoices` (`invoice_bigint`, `invoice_date`, `invoice_details`, `invoice_status_description`, `order_id4`) VALUES ('7039', '1997-12-18', 'Est quisquam optio ipsa. Deleniti blanditiis et re', 'Officiis dicta provident ducimus excepturi quia qu', '2350');
INSERT INTO `Invoices` (`invoice_bigint`, `invoice_date`, `invoice_details`, `invoice_status_description`, `order_id4`) VALUES ('7103', '1984-05-29', 'Aut modi et voluptatem est magni rerum. Tempore do', 'Et praesentium rem officia natus. Quaerat in iure ', '2103');
INSERT INTO `Invoices` (`invoice_bigint`, `invoice_date`, `invoice_details`, `invoice_status_description`, `order_id4`) VALUES ('7278', '1980-08-16', 'Animi debitis praesentium dicta occaecati corrupti', 'Laudantium est et quia maxime ipsa nam. Sunt exped', '45');
INSERT INTO `Invoices` (`invoice_bigint`, `invoice_date`, `invoice_details`, `invoice_status_description`, `order_id4`) VALUES ('7291', '2000-04-20', 'Omnis consequatur id iure. Fugiat dolor laborum es', 'Minima adipisci ut ratione voluptatem eaque delect', '466');
INSERT INTO `Invoices` (`invoice_bigint`, `invoice_date`, `invoice_details`, `invoice_status_description`, `order_id4`) VALUES ('7475', '1970-06-08', 'Aliquam laboriosam quas sint vel qui. Totam dolor ', 'Doloremque nemo nemo fuga. Reprehenderit sed eum i', '347');
INSERT INTO `Invoices` (`invoice_bigint`, `invoice_date`, `invoice_details`, `invoice_status_description`, `order_id4`) VALUES ('7576', '2000-09-10', 'Odio qui et sed quas unde similique vitae. Volupta', 'Tempore voluptas optio delectus rerum laboriosam a', '2077');
INSERT INTO `Invoices` (`invoice_bigint`, `invoice_date`, `invoice_details`, `invoice_status_description`, `order_id4`) VALUES ('7608', '1976-04-01', 'Occaecati et vel quibusdam. Nemo voluptatem numqua', 'Debitis ut veritatis incidunt a magni. Odio saepe ', '2622');
INSERT INTO `Invoices` (`invoice_bigint`, `invoice_date`, `invoice_details`, `invoice_status_description`, `order_id4`) VALUES ('7645', '1990-03-04', 'Quidem repudiandae et voluptates perspiciatis inci', 'Aut libero laudantium earum eos voluptatum. Modi a', '767');
INSERT INTO `Invoices` (`invoice_bigint`, `invoice_date`, `invoice_details`, `invoice_status_description`, `order_id4`) VALUES ('7660', '1984-01-15', 'Molestiae rem aliquam ut animi similique. Rerum el', 'Odit nesciunt velit molestiae neque numquam consec', '2193');
INSERT INTO `Invoices` (`invoice_bigint`, `invoice_date`, `invoice_details`, `invoice_status_description`, `order_id4`) VALUES ('7679', '1971-07-05', 'Sapiente alias sunt est possimus sint commodi. Et ', 'Officiis at fuga non nostrum impedit est. Magnam r', '1408');
INSERT INTO `Invoices` (`invoice_bigint`, `invoice_date`, `invoice_details`, `invoice_status_description`, `order_id4`) VALUES ('7741', '1992-02-17', 'Possimus et quisquam consequatur qui asperiores qu', 'Quaerat deserunt perferendis cum placeat. Odit et ', '1299');
INSERT INTO `Invoices` (`invoice_bigint`, `invoice_date`, `invoice_details`, `invoice_status_description`, `order_id4`) VALUES ('7787', '1988-05-30', 'In est vel eos vitae. Velit error enim error odit ', 'Quaerat atque enim sequi nemo et corrupti incidunt', '1201');
INSERT INTO `Invoices` (`invoice_bigint`, `invoice_date`, `invoice_details`, `invoice_status_description`, `order_id4`) VALUES ('7849', '1992-05-20', 'Perferendis quisquam fugiat tempore voluptatem dol', 'Aut aut tempora beatae. Quibusdam nihil mollitia a', '2282');
INSERT INTO `Invoices` (`invoice_bigint`, `invoice_date`, `invoice_details`, `invoice_status_description`, `order_id4`) VALUES ('7905', '1995-10-11', 'Rerum et illo similique molestiae ut corporis sed.', 'Architecto quod voluptatum temporibus quo perferen', '2560');
INSERT INTO `Invoices` (`invoice_bigint`, `invoice_date`, `invoice_details`, `invoice_status_description`, `order_id4`) VALUES ('7954', '1978-11-21', 'Reprehenderit sequi repellat nisi occaecati cum es', 'Dolores aperiam maiores ipsum dolores ex ut cum. Q', '2832');
INSERT INTO `Invoices` (`invoice_bigint`, `invoice_date`, `invoice_details`, `invoice_status_description`, `order_id4`) VALUES ('8046', '2005-01-07', 'Ullam ut minus totam possimus et tempore dolorem c', 'Est voluptas soluta neque sunt tempore accusamus. ', '1956');
INSERT INTO `Invoices` (`invoice_bigint`, `invoice_date`, `invoice_details`, `invoice_status_description`, `order_id4`) VALUES ('8063', '1993-12-17', 'Perspiciatis error consequuntur minima distinctio ', 'Et totam ullam dolor explicabo et sapiente suscipi', '2670');
INSERT INTO `Invoices` (`invoice_bigint`, `invoice_date`, `invoice_details`, `invoice_status_description`, `order_id4`) VALUES ('8110', '1995-12-29', 'Commodi doloremque in perspiciatis aut error. Rem ', 'Et velit ut excepturi facilis et quis. Magnam inci', '1114');
INSERT INTO `Invoices` (`invoice_bigint`, `invoice_date`, `invoice_details`, `invoice_status_description`, `order_id4`) VALUES ('8201', '2004-07-21', 'Ipsa possimus sit consequatur eum et. Consequuntur', 'Rerum hic corrupti quae et impedit. Voluptates et ', '2203');
INSERT INTO `Invoices` (`invoice_bigint`, `invoice_date`, `invoice_details`, `invoice_status_description`, `order_id4`) VALUES ('8246', '1993-10-09', 'Error adipisci perspiciatis consequatur dolorem si', 'Sed quia ab harum perferendis quae soluta veniam. ', '2670');
INSERT INTO `Invoices` (`invoice_bigint`, `invoice_date`, `invoice_details`, `invoice_status_description`, `order_id4`) VALUES ('8456', '2020-03-13', 'Ipsam dignissimos occaecati nulla fugit sunt quia ', 'Ut officia iure impedit eum quis. Nihil et laborum', '2327');
INSERT INTO `Invoices` (`invoice_bigint`, `invoice_date`, `invoice_details`, `invoice_status_description`, `order_id4`) VALUES ('8680', '1998-10-06', 'Qui harum nihil esse et ullam. Sint quibusdam itaq', 'Voluptatibus id mollitia atque eum. Reprehenderit ', '1659');
INSERT INTO `Invoices` (`invoice_bigint`, `invoice_date`, `invoice_details`, `invoice_status_description`, `order_id4`) VALUES ('8712', '2004-01-05', 'Repellendus et aliquid et non quidem alias volupta', 'Laboriosam deleniti ipsam illum error distinctio n', '926');
INSERT INTO `Invoices` (`invoice_bigint`, `invoice_date`, `invoice_details`, `invoice_status_description`, `order_id4`) VALUES ('8799', '1980-05-29', 'Nam doloribus deleniti delectus placeat et id et a', 'Qui accusantium sequi quo aperiam in in dolorum. U', '1659');
INSERT INTO `Invoices` (`invoice_bigint`, `invoice_date`, `invoice_details`, `invoice_status_description`, `order_id4`) VALUES ('8835', '2016-12-17', 'Dolorem adipisci fuga error beatae reiciendis dolo', 'Molestiae aliquid accusamus quia non itaque minima', '2659');
INSERT INTO `Invoices` (`invoice_bigint`, `invoice_date`, `invoice_details`, `invoice_status_description`, `order_id4`) VALUES ('8875', '2000-11-09', 'Nam vel sunt voluptatum harum. Sapiente modi dolor', 'Velit et eligendi omnis omnis reprehenderit saepe.', '2282');
INSERT INTO `Invoices` (`invoice_bigint`, `invoice_date`, `invoice_details`, `invoice_status_description`, `order_id4`) VALUES ('8877', '2019-04-12', 'Earum non quasi nisi dolorem et et. Iste in ipsum ', 'Iusto fuga similique perferendis et. Modi id quis ', '2832');
INSERT INTO `Invoices` (`invoice_bigint`, `invoice_date`, `invoice_details`, `invoice_status_description`, `order_id4`) VALUES ('8996', '2004-10-23', 'Et eos sunt fugit quos et repudiandae autem. Aut n', 'Quo eaque rem consequuntur consectetur ullam. Quis', '2055');
INSERT INTO `Invoices` (`invoice_bigint`, `invoice_date`, `invoice_details`, `invoice_status_description`, `order_id4`) VALUES ('9116', '1998-06-21', 'Eos at quasi odio qui occaecati sit. Quae expedita', 'Asperiores aliquam voluptatum eveniet necessitatib', '2601');
INSERT INTO `Invoices` (`invoice_bigint`, `invoice_date`, `invoice_details`, `invoice_status_description`, `order_id4`) VALUES ('9166', '2012-11-07', 'Est at natus laboriosam qui. Vero provident exerci', 'Unde molestias illum et dicta aut. Fugit consequat', '1385');
INSERT INTO `Invoices` (`invoice_bigint`, `invoice_date`, `invoice_details`, `invoice_status_description`, `order_id4`) VALUES ('9197', '2002-03-20', 'Ipsum dolorum ut necessitatibus quia consequatur i', 'Officiis eligendi assumenda aut aliquam sed. Quide', '2350');
INSERT INTO `Invoices` (`invoice_bigint`, `invoice_date`, `invoice_details`, `invoice_status_description`, `order_id4`) VALUES ('9370', '2001-06-04', 'Temporibus et pariatur et veniam quia occaecati iu', 'Deleniti sit voluptas consequuntur vel assumenda. ', '1774');
INSERT INTO `Invoices` (`invoice_bigint`, `invoice_date`, `invoice_details`, `invoice_status_description`, `order_id4`) VALUES ('9392', '1977-05-06', 'Nostrum quibusdam officiis minus rem dolorum magna', 'Voluptatibus ipsum quia commodi corporis ut quidem', '2174');
INSERT INTO `Invoices` (`invoice_bigint`, `invoice_date`, `invoice_details`, `invoice_status_description`, `order_id4`) VALUES ('9405', '2004-07-25', 'Perspiciatis tenetur voluptate omnis similique cum', 'Enim unde eum amet in similique aliquam vitae et. ', '464');
INSERT INTO `Invoices` (`invoice_bigint`, `invoice_date`, `invoice_details`, `invoice_status_description`, `order_id4`) VALUES ('9496', '1994-01-31', 'Cupiditate numquam temporibus perferendis sunt eni', 'Vel vitae temporibus ea qui aut at laudantium. Nul', '2607');
INSERT INTO `Invoices` (`invoice_bigint`, `invoice_date`, `invoice_details`, `invoice_status_description`, `order_id4`) VALUES ('9614', '1989-04-19', 'Est eligendi dignissimos corrupti sunt et fuga rei', 'Necessitatibus velit qui quo tenetur. Nam deserunt', '1001');
INSERT INTO `Invoices` (`invoice_bigint`, `invoice_date`, `invoice_details`, `invoice_status_description`, `order_id4`) VALUES ('9696', '2010-10-22', 'Et dolorem sit non. Recusandae aut et doloribus et', 'Autem earum quidem id. Ullam commodi et assumenda ', '2217');
INSERT INTO `Invoices` (`invoice_bigint`, `invoice_date`, `invoice_details`, `invoice_status_description`, `order_id4`) VALUES ('9893', '1985-07-26', 'Occaecati porro id est ea repellendus qui amet. Il', 'Non saepe optio sed qui quo unde. Accusantium ipsa', '379');



INSERT INTO `Shipments` (`shipment_id`, `shipment_date`, `other_shipment_details`, `shipment_tracking_bigint`, `order_id5`, `invoice_bigint5`) VALUES ('0', '1990-09-02', 'In veritatis autem optio. Tenetur ut quibusdam nih', '3842', '45', '7787');
INSERT INTO `Shipments` (`shipment_id`, `shipment_date`, `other_shipment_details`, `shipment_tracking_bigint`, `order_id5`, `invoice_bigint5`) VALUES ('1', '1990-11-06', 'Accusantium non consequuntur est. Porro eius inven', '3713', '1390', '249');
INSERT INTO `Shipments` (`shipment_id`, `shipment_date`, `other_shipment_details`, `shipment_tracking_bigint`, `order_id5`, `invoice_bigint5`) VALUES ('2', '2009-03-26', 'Et est nesciunt suscipit assumenda aut. In aut odi', '5203', '2077', '5588');
INSERT INTO `Shipments` (`shipment_id`, `shipment_date`, `other_shipment_details`, `shipment_tracking_bigint`, `order_id5`, `invoice_bigint5`) VALUES ('3', '1971-08-16', 'Et commodi ex et minima consequuntur quisquam. Qui', '9427', '1026', '7679');
INSERT INTO `Shipments` (`shipment_id`, `shipment_date`, `other_shipment_details`, `shipment_tracking_bigint`, `order_id5`, `invoice_bigint5`) VALUES ('6', '1991-12-10', 'Et velit sit ea culpa. Modi ut qui quibusdam delec', '6298', '1659', '1494');
INSERT INTO `Shipments` (`shipment_id`, `shipment_date`, `other_shipment_details`, `shipment_tracking_bigint`, `order_id5`, `invoice_bigint5`) VALUES ('7', '1983-12-30', 'Necessitatibus reiciendis quia quia aut quisquam. ', '8476', '1249', '2393');
INSERT INTO `Shipments` (`shipment_id`, `shipment_date`, `other_shipment_details`, `shipment_tracking_bigint`, `order_id5`, `invoice_bigint5`) VALUES ('8', '1980-07-12', 'Minus fuga nam quas architecto nobis quisquam. Fug', '6331', '1296', '3155');
INSERT INTO `Shipments` (`shipment_id`, `shipment_date`, `other_shipment_details`, `shipment_tracking_bigint`, `order_id5`, `invoice_bigint5`) VALUES ('17', '1999-05-02', 'Aspernatur blanditiis voluptas totam a dolor id au', '7103', '2174', '8996');
INSERT INTO `Shipments` (`shipment_id`, `shipment_date`, `other_shipment_details`, `shipment_tracking_bigint`, `order_id5`, `invoice_bigint5`) VALUES ('28', '1996-09-28', 'Voluptas provident qui fugit in veritatis at et. N', '6925', '2518', '9392');
INSERT INTO `Shipments` (`shipment_id`, `shipment_date`, `other_shipment_details`, `shipment_tracking_bigint`, `order_id5`, `invoice_bigint5`) VALUES ('41', '1986-06-27', 'Sit officiis hic est explicabo. Alias fugit magni ', '247', '1819', '8875');
INSERT INTO `Shipments` (`shipment_id`, `shipment_date`, `other_shipment_details`, `shipment_tracking_bigint`, `order_id5`, `invoice_bigint5`) VALUES ('57', '1999-07-07', 'Aut ratione laboriosam sit ut consequatur voluptat', '4198', '2055', '1839');
INSERT INTO `Shipments` (`shipment_id`, `shipment_date`, `other_shipment_details`, `shipment_tracking_bigint`, `order_id5`, `invoice_bigint5`) VALUES ('64', '2002-03-27', 'Enim itaque non aperiam quo ab dolorem consequatur', '7300', '2745', '1945');
INSERT INTO `Shipments` (`shipment_id`, `shipment_date`, `other_shipment_details`, `shipment_tracking_bigint`, `order_id5`, `invoice_bigint5`) VALUES ('72', '1986-11-12', 'Ex ut tenetur deserunt omnis tempore dolor. Sed au', '1699', '1026', '1667');
INSERT INTO `Shipments` (`shipment_id`, `shipment_date`, `other_shipment_details`, `shipment_tracking_bigint`, `order_id5`, `invoice_bigint5`) VALUES ('89', '2007-10-31', 'Et ipsa velit vitae quam soluta quis. Sed aut illo', '337', '1315', '1011');
INSERT INTO `Shipments` (`shipment_id`, `shipment_date`, `other_shipment_details`, `shipment_tracking_bigint`, `order_id5`, `invoice_bigint5`) VALUES ('94', '2009-04-11', 'Qui dolor error et sint non quisquam rerum archite', '5294', '1659', '5576');
INSERT INTO `Shipments` (`shipment_id`, `shipment_date`, `other_shipment_details`, `shipment_tracking_bigint`, `order_id5`, `invoice_bigint5`) VALUES ('96', '2019-11-17', 'Qui atque totam labore itaque deserunt aut. Qui si', '5295', '2174', '4410');
INSERT INTO `Shipments` (`shipment_id`, `shipment_date`, `other_shipment_details`, `shipment_tracking_bigint`, `order_id5`, `invoice_bigint5`) VALUES ('153', '1993-11-10', 'Illo ipsa quaerat et occaecati molestiae sit atque', '1047', '926', '3365');
INSERT INTO `Shipments` (`shipment_id`, `shipment_date`, `other_shipment_details`, `shipment_tracking_bigint`, `order_id5`, `invoice_bigint5`) VALUES ('342', '1991-06-19', 'Voluptatem natus molestiae quaerat odit fugit aspe', '131', '2148', '2160');
INSERT INTO `Shipments` (`shipment_id`, `shipment_date`, `other_shipment_details`, `shipment_tracking_bigint`, `order_id5`, `invoice_bigint5`) VALUES ('370', '1988-07-31', 'Voluptates impedit accusantium magni cum quam et v', '9062', '1717', '1989');
INSERT INTO `Shipments` (`shipment_id`, `shipment_date`, `other_shipment_details`, `shipment_tracking_bigint`, `order_id5`, `invoice_bigint5`) VALUES ('398', '1989-01-10', 'Tempore reprehenderit eius ipsam ea quos qui. Cupi', '896', '501', '8046');
INSERT INTO `Shipments` (`shipment_id`, `shipment_date`, `other_shipment_details`, `shipment_tracking_bigint`, `order_id5`, `invoice_bigint5`) VALUES ('638', '2009-01-17', 'Aut facere reprehenderit eaque eos aliquid id. Qui', '8947', '2132', '83');
INSERT INTO `Shipments` (`shipment_id`, `shipment_date`, `other_shipment_details`, `shipment_tracking_bigint`, `order_id5`, `invoice_bigint5`) VALUES ('718', '2004-12-07', 'Repudiandae maxime sed maiores voluptas nihil haru', '3607', '2423', '7278');
INSERT INTO `Shipments` (`shipment_id`, `shipment_date`, `other_shipment_details`, `shipment_tracking_bigint`, `order_id5`, `invoice_bigint5`) VALUES ('775', '1984-01-03', 'Enim nihil debitis omnis recusandae inventore anim', '3121', '2148', '4840');
INSERT INTO `Shipments` (`shipment_id`, `shipment_date`, `other_shipment_details`, `shipment_tracking_bigint`, `order_id5`, `invoice_bigint5`) VALUES ('792', '1983-10-21', 'Optio quia vel itaque at officiis quidem numquam v', '2448', '2270', '5482');
INSERT INTO `Shipments` (`shipment_id`, `shipment_date`, `other_shipment_details`, `shipment_tracking_bigint`, `order_id5`, `invoice_bigint5`) VALUES ('827', '1980-09-05', 'Doloribus quasi eligendi incidunt veniam sit. Ad e', '3798', '2518', '3426');
INSERT INTO `Shipments` (`shipment_id`, `shipment_date`, `other_shipment_details`, `shipment_tracking_bigint`, `order_id5`, `invoice_bigint5`) VALUES ('855', '2012-12-05', 'Accusamus molestias non ratione et. Veniam a reici', '1951', '2745', '8456');
INSERT INTO `Shipments` (`shipment_id`, `shipment_date`, `other_shipment_details`, `shipment_tracking_bigint`, `order_id5`, `invoice_bigint5`) VALUES ('945', '2019-10-16', 'Sint quas quia odit omnis recusandae est ipsam omn', '257', '1299', '2160');
INSERT INTO `Shipments` (`shipment_id`, `shipment_date`, `other_shipment_details`, `shipment_tracking_bigint`, `order_id5`, `invoice_bigint5`) VALUES ('1490', '2013-12-15', 'Consectetur explicabo ad officia amet voluptas. Of', '7782', '2350', '8046');
INSERT INTO `Shipments` (`shipment_id`, `shipment_date`, `other_shipment_details`, `shipment_tracking_bigint`, `order_id5`, `invoice_bigint5`) VALUES ('1628', '1976-04-07', 'Sit doloribus quidem dolor quo atque totam qui. Es', '7134', '1570', '7741');
INSERT INTO `Shipments` (`shipment_id`, `shipment_date`, `other_shipment_details`, `shipment_tracking_bigint`, `order_id5`, `invoice_bigint5`) VALUES ('2009', '2005-09-04', 'Modi distinctio occaecati provident reiciendis vol', '8316', '1717', '1646');
INSERT INTO `Shipments` (`shipment_id`, `shipment_date`, `other_shipment_details`, `shipment_tracking_bigint`, `order_id5`, `invoice_bigint5`) VALUES ('2798', '1994-05-18', 'Inventore veniam et ipsam iste eum vel. Ratione et', '3095', '2772', '5195');
INSERT INTO `Shipments` (`shipment_id`, `shipment_date`, `other_shipment_details`, `shipment_tracking_bigint`, `order_id5`, `invoice_bigint5`) VALUES ('2912', '2007-11-28', 'Amet aut deleniti dignissimos deserunt. Quo distin', '5871', '1339', '3232');
INSERT INTO `Shipments` (`shipment_id`, `shipment_date`, `other_shipment_details`, `shipment_tracking_bigint`, `order_id5`, `invoice_bigint5`) VALUES ('3701', '1992-02-23', 'Tempora voluptas nisi officia beatae rerum possimu', '6186', '2327', '3155');
INSERT INTO `Shipments` (`shipment_id`, `shipment_date`, `other_shipment_details`, `shipment_tracking_bigint`, `order_id5`, `invoice_bigint5`) VALUES ('3998', '2017-02-03', 'Voluptas et quidem ea autem sapiente quia saepe. S', '2097', '2148', '8835');
INSERT INTO `Shipments` (`shipment_id`, `shipment_date`, `other_shipment_details`, `shipment_tracking_bigint`, `order_id5`, `invoice_bigint5`) VALUES ('4934', '1993-01-17', 'Dolorem dolorum voluptatem omnis consectetur persp', '9234', '926', '1011');
INSERT INTO `Shipments` (`shipment_id`, `shipment_date`, `other_shipment_details`, `shipment_tracking_bigint`, `order_id5`, `invoice_bigint5`) VALUES ('6474', '1990-11-26', 'Et aut earum omnis necessitatibus dolorum et. Cons', '6208', '1201', '7954');
INSERT INTO `Shipments` (`shipment_id`, `shipment_date`, `other_shipment_details`, `shipment_tracking_bigint`, `order_id5`, `invoice_bigint5`) VALUES ('7963', '1989-08-14', 'Et a tempore maxime praesentium omnis vitae praese', '8100', '2623', '5898');
INSERT INTO `Shipments` (`shipment_id`, `shipment_date`, `other_shipment_details`, `shipment_tracking_bigint`, `order_id5`, `invoice_bigint5`) VALUES ('8216', '1978-07-09', 'Culpa consequatur officia veniam. Itaque impedit o', '7698', '2270', '5195');
INSERT INTO `Shipments` (`shipment_id`, `shipment_date`, `other_shipment_details`, `shipment_tracking_bigint`, `order_id5`, `invoice_bigint5`) VALUES ('8795', '1975-11-13', 'Perferendis nam debitis ipsa est. Deserunt saepe q', '326', '1299', '8712');
INSERT INTO `Shipments` (`shipment_id`, `shipment_date`, `other_shipment_details`, `shipment_tracking_bigint`, `order_id5`, `invoice_bigint5`) VALUES ('8982', '2014-02-13', 'Distinctio amet culpa quia aut eius et in. Sit et ', '5204', '2855', '7787');
INSERT INTO `Shipments` (`shipment_id`, `shipment_date`, `other_shipment_details`, `shipment_tracking_bigint`, `order_id5`, `invoice_bigint5`) VALUES ('9233', '2001-09-02', 'Alias omnis laudantium laborum ut totam aut eligen', '1443', '118', '759');
INSERT INTO `Shipments` (`shipment_id`, `shipment_date`, `other_shipment_details`, `shipment_tracking_bigint`, `order_id5`, `invoice_bigint5`) VALUES ('9345', '2001-05-11', 'Totam iusto numquam incidunt quibusdam non facilis', '3409', '1299', '7608');
INSERT INTO `Shipments` (`shipment_id`, `shipment_date`, `other_shipment_details`, `shipment_tracking_bigint`, `order_id5`, `invoice_bigint5`) VALUES ('31131', '1983-04-04', 'Accusantium dolores mollitia earum vel nihil. Sapi', '6976', '2184', '8875');
INSERT INTO `Shipments` (`shipment_id`, `shipment_date`, `other_shipment_details`, `shipment_tracking_bigint`, `order_id5`, `invoice_bigint5`) VALUES ('41498', '2014-08-16', 'In doloribus necessitatibus reprehenderit quaerat ', '6545', '641', '5797');
INSERT INTO `Shipments` (`shipment_id`, `shipment_date`, `other_shipment_details`, `shipment_tracking_bigint`, `order_id5`, `invoice_bigint5`) VALUES ('72374', '1992-10-22', 'Quod odit fugit aperiam sapiente. Alias hic tenetu', '7285', '2423', '5898');
INSERT INTO `Shipments` (`shipment_id`, `shipment_date`, `other_shipment_details`, `shipment_tracking_bigint`, `order_id5`, `invoice_bigint5`) VALUES ('88340', '2006-06-27', 'Accusantium qui at facere omnis exercitationem. Qu', '9114', '2363', '4164');
INSERT INTO `Shipments` (`shipment_id`, `shipment_date`, `other_shipment_details`, `shipment_tracking_bigint`, `order_id5`, `invoice_bigint5`) VALUES ('95939', '1997-05-03', 'Et incidunt totam ut exercitationem suscipit ipsam', '1992', '2217', '249');
INSERT INTO `Shipments` (`shipment_id`, `shipment_date`, `other_shipment_details`, `shipment_tracking_bigint`, `order_id5`, `invoice_bigint5`) VALUES ('196949', '1982-04-30', 'Dolor eligendi magnam et iste et. Odio ea molestia', '4824', '2077', '3954');
INSERT INTO `Shipments` (`shipment_id`, `shipment_date`, `other_shipment_details`, `shipment_tracking_bigint`, `order_id5`, `invoice_bigint5`) VALUES ('234671', '1989-04-30', 'Perspiciatis rerum repudiandae itaque possimus dol', '3117', '2518', '6993');
INSERT INTO `Shipments` (`shipment_id`, `shipment_date`, `other_shipment_details`, `shipment_tracking_bigint`, `order_id5`, `invoice_bigint5`) VALUES ('319572', '2008-08-24', 'Dicta aliquid dolor est eligendi sequi. Aperiam re', '6401', '863', '5482');
INSERT INTO `Shipments` (`shipment_id`, `shipment_date`, `other_shipment_details`, `shipment_tracking_bigint`, `order_id5`, `invoice_bigint5`) VALUES ('401078', '1970-02-04', 'Et pariatur eveniet reprehenderit eum molestias ip', '5331', '1114', '4410');
INSERT INTO `Shipments` (`shipment_id`, `shipment_date`, `other_shipment_details`, `shipment_tracking_bigint`, `order_id5`, `invoice_bigint5`) VALUES ('421510', '1979-02-03', 'Qui ut corporis voluptatem rerum minus. Delectus o', '8274', '959', '1667');
INSERT INTO `Shipments` (`shipment_id`, `shipment_date`, `other_shipment_details`, `shipment_tracking_bigint`, `order_id5`, `invoice_bigint5`) VALUES ('436597', '1996-09-03', 'Velit omnis accusantium enim ipsum laudantium. Aut', '9659', '2772', '9116');
INSERT INTO `Shipments` (`shipment_id`, `shipment_date`, `other_shipment_details`, `shipment_tracking_bigint`, `order_id5`, `invoice_bigint5`) VALUES ('439157', '2011-06-10', 'Impedit quia ad aut qui neque. Qui dolorem porro e', '5284', '2623', '9197');
INSERT INTO `Shipments` (`shipment_id`, `shipment_date`, `other_shipment_details`, `shipment_tracking_bigint`, `order_id5`, `invoice_bigint5`) VALUES ('605413', '2014-12-17', 'Placeat possimus iste expedita consequatur repella', '7925', '619', '7291');
INSERT INTO `Shipments` (`shipment_id`, `shipment_date`, `other_shipment_details`, `shipment_tracking_bigint`, `order_id5`, `invoice_bigint5`) VALUES ('677188', '1998-12-27', 'Et omnis eum cum. Sed non corrupti vel id molestia', '5948', '118', '8063');
INSERT INTO `Shipments` (`shipment_id`, `shipment_date`, `other_shipment_details`, `shipment_tracking_bigint`, `order_id5`, `invoice_bigint5`) VALUES ('739254', '2019-03-02', 'Tenetur aut et consequuntur aut. Officiis ut id do', '1185', '1385', '8799');
INSERT INTO `Shipments` (`shipment_id`, `shipment_date`, `other_shipment_details`, `shipment_tracking_bigint`, `order_id5`, `invoice_bigint5`) VALUES ('861011', '1975-10-20', 'Illo quisquam nesciunt consequuntur aspernatur cum', '7223', '1306', '9614');
INSERT INTO `Shipments` (`shipment_id`, `shipment_date`, `other_shipment_details`, `shipment_tracking_bigint`, `order_id5`, `invoice_bigint5`) VALUES ('962534', '1995-08-24', 'Ipsam similique sequi architecto commodi et nam es', '5001', '2482', '4410');
INSERT INTO `Shipments` (`shipment_id`, `shipment_date`, `other_shipment_details`, `shipment_tracking_bigint`, `order_id5`, `invoice_bigint5`) VALUES ('984575', '1976-12-13', 'Odit doloremque id quae nulla. Reprehenderit repel', '8506', '1774', '2306');
INSERT INTO `Shipments` (`shipment_id`, `shipment_date`, `other_shipment_details`, `shipment_tracking_bigint`, `order_id5`, `invoice_bigint5`) VALUES ('995614', '2018-05-31', 'Ipsum sapiente temporibus temporibus. Quibusdam ut', '8863', '501', '2771');
INSERT INTO `Shipments` (`shipment_id`, `shipment_date`, `other_shipment_details`, `shipment_tracking_bigint`, `order_id5`, `invoice_bigint5`) VALUES ('995871', '2005-03-02', 'Mollitia aut tenetur exercitationem quasi aliquid ', '7540', '1201', '2393');
INSERT INTO `Shipments` (`shipment_id`, `shipment_date`, `other_shipment_details`, `shipment_tracking_bigint`, `order_id5`, `invoice_bigint5`) VALUES ('1268290', '1981-03-24', 'Itaque qui aspernatur architecto sint. Maiores num', '9033', '1296', '6576');
INSERT INTO `Shipments` (`shipment_id`, `shipment_date`, `other_shipment_details`, `shipment_tracking_bigint`, `order_id5`, `invoice_bigint5`) VALUES ('1281687', '2005-03-22', 'Dolorem reprehenderit temporibus et aut. Necessita', '3193', '1385', '3954');
INSERT INTO `Shipments` (`shipment_id`, `shipment_date`, `other_shipment_details`, `shipment_tracking_bigint`, `order_id5`, `invoice_bigint5`) VALUES ('1473807', '1980-05-11', 'Neque velit qui doloribus quasi molestiae officiis', '3056', '1819', '3443');
INSERT INTO `Shipments` (`shipment_id`, `shipment_date`, `other_shipment_details`, `shipment_tracking_bigint`, `order_id5`, `invoice_bigint5`) VALUES ('2452435', '1988-03-25', 'Rem et deleniti suscipit ipsa distinctio. Nisi et ', '6345', '2772', '3500');
INSERT INTO `Shipments` (`shipment_id`, `shipment_date`, `other_shipment_details`, `shipment_tracking_bigint`, `order_id5`, `invoice_bigint5`) VALUES ('2641121', '1993-10-11', 'Minima ex odit perferendis voluptatum asperiores. ', '8822', '1497', '9392');
INSERT INTO `Shipments` (`shipment_id`, `shipment_date`, `other_shipment_details`, `shipment_tracking_bigint`, `order_id5`, `invoice_bigint5`) VALUES ('2741223', '2017-10-04', 'Sapiente nostrum eligendi accusantium nemo et. Eli', '1520', '2217', '3365');
INSERT INTO `Shipments` (`shipment_id`, `shipment_date`, `other_shipment_details`, `shipment_tracking_bigint`, `order_id5`, `invoice_bigint5`) VALUES ('4735148', '1983-08-17', 'Corporis delectus sint quisquam voluptates repudia', '5107', '115', '2306');
INSERT INTO `Shipments` (`shipment_id`, `shipment_date`, `other_shipment_details`, `shipment_tracking_bigint`, `order_id5`, `invoice_bigint5`) VALUES ('5215802', '1974-11-29', 'Placeat repellat et aliquam alias perferendis. Mag', '7096', '1819', '5601');
INSERT INTO `Shipments` (`shipment_id`, `shipment_date`, `other_shipment_details`, `shipment_tracking_bigint`, `order_id5`, `invoice_bigint5`) VALUES ('5258278', '1973-06-01', 'Aspernatur at earum quasi excepturi. Nesciunt nihi', '6743', '2745', '5601');
INSERT INTO `Shipments` (`shipment_id`, `shipment_date`, `other_shipment_details`, `shipment_tracking_bigint`, `order_id5`, `invoice_bigint5`) VALUES ('6198248', '1993-11-03', 'Eligendi consequatur nesciunt aliquid omnis quis. ', '1294', '2543', '8877');
INSERT INTO `Shipments` (`shipment_id`, `shipment_date`, `other_shipment_details`, `shipment_tracking_bigint`, `order_id5`, `invoice_bigint5`) VALUES ('6588651', '2014-01-26', 'Molestias nostrum modi itaque id. Veritatis praese', '2979', '1293', '7291');
INSERT INTO `Shipments` (`shipment_id`, `shipment_date`, `other_shipment_details`, `shipment_tracking_bigint`, `order_id5`, `invoice_bigint5`) VALUES ('6647876', '2000-12-06', 'Aliquam dolor est in enim. Enim dolorum rerum quo ', '7855', '1051', '5388');
INSERT INTO `Shipments` (`shipment_id`, `shipment_date`, `other_shipment_details`, `shipment_tracking_bigint`, `order_id5`, `invoice_bigint5`) VALUES ('8957025', '1978-08-12', 'Saepe itaque sunt sunt qui cumque facere. Et qui m', '1184', '1339', '5183');
INSERT INTO `Shipments` (`shipment_id`, `shipment_date`, `other_shipment_details`, `shipment_tracking_bigint`, `order_id5`, `invoice_bigint5`) VALUES ('9636318', '1986-05-23', 'Aut natus aspernatur neque qui expedita illo volup', '9772', '2855', '3500');
INSERT INTO `Shipments` (`shipment_id`, `shipment_date`, `other_shipment_details`, `shipment_tracking_bigint`, `order_id5`, `invoice_bigint5`) VALUES ('15036337', '1980-02-18', 'Tempore eligendi ad corrupti ut. Aperiam delectus ', '131', '987', '9370');
INSERT INTO `Shipments` (`shipment_id`, `shipment_date`, `other_shipment_details`, `shipment_tracking_bigint`, `order_id5`, `invoice_bigint5`) VALUES ('17404662', '2014-02-24', 'Quasi et possimus harum hic non quo. Voluptas quia', '317', '959', '2825');
INSERT INTO `Shipments` (`shipment_id`, `shipment_date`, `other_shipment_details`, `shipment_tracking_bigint`, `order_id5`, `invoice_bigint5`) VALUES ('22223763', '1991-09-16', 'Reiciendis beatae maiores accusamus ipsam. Nulla e', '9501', '926', '2306');
INSERT INTO `Shipments` (`shipment_id`, `shipment_date`, `other_shipment_details`, `shipment_tracking_bigint`, `order_id5`, `invoice_bigint5`) VALUES ('29446417', '2011-11-16', 'Beatae aliquid quod eum. Et accusantium corporis d', '4126', '2327', '5129');
INSERT INTO `Shipments` (`shipment_id`, `shipment_date`, `other_shipment_details`, `shipment_tracking_bigint`, `order_id5`, `invoice_bigint5`) VALUES ('38321808', '2000-06-04', 'Et sit explicabo accusamus ad. Hic ut consequatur ', '8043', '1659', '5897');
INSERT INTO `Shipments` (`shipment_id`, `shipment_date`, `other_shipment_details`, `shipment_tracking_bigint`, `order_id5`, `invoice_bigint5`) VALUES ('40893557', '1988-01-15', 'Labore voluptate ipsa et aliquam alias dolorum. Di', '9042', '700', '3232');
INSERT INTO `Shipments` (`shipment_id`, `shipment_date`, `other_shipment_details`, `shipment_tracking_bigint`, `order_id5`, `invoice_bigint5`) VALUES ('42583511', '1973-10-22', 'Accusantium dolores et cupiditate explicabo exerci', '9439', '2193', '1989');
INSERT INTO `Shipments` (`shipment_id`, `shipment_date`, `other_shipment_details`, `shipment_tracking_bigint`, `order_id5`, `invoice_bigint5`) VALUES ('42880714', '1976-03-05', 'Deserunt autem mollitia sed aut voluptas. Totam vo', '3174', '1321', '9614');
INSERT INTO `Shipments` (`shipment_id`, `shipment_date`, `other_shipment_details`, `shipment_tracking_bigint`, `order_id5`, `invoice_bigint5`) VALUES ('64518339', '2010-02-27', 'Deserunt sit omnis sint ab. Repudiandae non quasi ', '4813', '1936', '1337');
INSERT INTO `Shipments` (`shipment_id`, `shipment_date`, `other_shipment_details`, `shipment_tracking_bigint`, `order_id5`, `invoice_bigint5`) VALUES ('64541569', '1977-08-22', 'Sequi eum est atque. Necessitatibus earum est omni', '197', '2320', '9392');
INSERT INTO `Shipments` (`shipment_id`, `shipment_date`, `other_shipment_details`, `shipment_tracking_bigint`, `order_id5`, `invoice_bigint5`) VALUES ('69204074', '1993-02-14', 'Magni dignissimos qui exercitationem molestias cor', '1183', '1570', '805');
INSERT INTO `Shipments` (`shipment_id`, `shipment_date`, `other_shipment_details`, `shipment_tracking_bigint`, `order_id5`, `invoice_bigint5`) VALUES ('86192198', '2013-06-05', 'Quod facilis est sunt ad voluptate repellat aspern', '332', '1077', '7291');
INSERT INTO `Shipments` (`shipment_id`, `shipment_date`, `other_shipment_details`, `shipment_tracking_bigint`, `order_id5`, `invoice_bigint5`) VALUES ('133823443', '2015-09-07', 'Ut quia quis ut voluptate voluptatem dolor. Ipsum ', '8961', '863', '69');
INSERT INTO `Shipments` (`shipment_id`, `shipment_date`, `other_shipment_details`, `shipment_tracking_bigint`, `order_id5`, `invoice_bigint5`) VALUES ('249240844', '1992-09-13', 'Quis qui dolorum et dolores totam rerum dolores. I', '2867', '1936', '1646');
INSERT INTO `Shipments` (`shipment_id`, `shipment_date`, `other_shipment_details`, `shipment_tracking_bigint`, `order_id5`, `invoice_bigint5`) VALUES ('411219339', '2011-06-25', 'Ex laudantium est voluptas voluptate qui. Et repud', '5751', '2622', '4660');
INSERT INTO `Shipments` (`shipment_id`, `shipment_date`, `other_shipment_details`, `shipment_tracking_bigint`, `order_id5`, `invoice_bigint5`) VALUES ('424213974', '1988-02-26', 'Quo ducimus unde et laborum sit sit. Voluptate ips', '6365', '501', '3859');
INSERT INTO `Shipments` (`shipment_id`, `shipment_date`, `other_shipment_details`, `shipment_tracking_bigint`, `order_id5`, `invoice_bigint5`) VALUES ('501250853', '2016-07-19', 'Sed voluptas dolorem maxime quae sed cum cupiditat', '2659', '767', '8712');
INSERT INTO `Shipments` (`shipment_id`, `shipment_date`, `other_shipment_details`, `shipment_tracking_bigint`, `order_id5`, `invoice_bigint5`) VALUES ('534858808', '1972-12-26', 'Velit deleniti ea sapiente dolorem ratione. Invent', '9612', '230', '5195');
INSERT INTO `Shipments` (`shipment_id`, `shipment_date`, `other_shipment_details`, `shipment_tracking_bigint`, `order_id5`, `invoice_bigint5`) VALUES ('575333230', '2014-05-11', 'Inventore perspiciatis et molestiae atque. Nam acc', '1849', '2719', '8877');
INSERT INTO `Shipments` (`shipment_id`, `shipment_date`, `other_shipment_details`, `shipment_tracking_bigint`, `order_id5`, `invoice_bigint5`) VALUES ('739047683', '1987-07-28', 'Non nostrum possimus ad similique. Ea neque quidem', '558', '1659', '9614');
INSERT INTO `Shipments` (`shipment_id`, `shipment_date`, `other_shipment_details`, `shipment_tracking_bigint`, `order_id5`, `invoice_bigint5`) VALUES ('796120906', '1996-02-04', 'Quibusdam doloribus et doloribus et porro vel. Vol', '1746', '1847', '3270');
INSERT INTO `Shipments` (`shipment_id`, `shipment_date`, `other_shipment_details`, `shipment_tracking_bigint`, `order_id5`, `invoice_bigint5`) VALUES ('914312281', '1989-05-05', 'Est dignissimos rerum harum amet. Rerum voluptatem', '7683', '2077', '5129');
INSERT INTO `Shipments` (`shipment_id`, `shipment_date`, `other_shipment_details`, `shipment_tracking_bigint`, `order_id5`, `invoice_bigint5`) VALUES ('966270213', '1979-07-21', 'Nemo qui voluptatem nihil ipsa sequi dolores. Arch', '969', '1638', '6993');
INSERT INTO `Shipments` (`shipment_id`, `shipment_date`, `other_shipment_details`, `shipment_tracking_bigint`, `order_id5`, `invoice_bigint5`) VALUES ('979512573', '2015-01-17', 'Quia beatae dignissimos dolore beatae. Molestiae q', '2321', '2350', '7645');



INSERT INTO `Payments` (`payment_id`, `payment_amount`, `payment_date`, `invoice_bigint3`) VALUES ('5', '130776', '2008-12-18', '1667');
INSERT INTO `Payments` (`payment_id`, `payment_amount`, `payment_date`, `invoice_bigint3`) VALUES ('11', '241859', '1974-09-05', '3365');
INSERT INTO `Payments` (`payment_id`, `payment_amount`, `payment_date`, `invoice_bigint3`) VALUES ('12', '186785', '1977-03-30', '6576');
INSERT INTO `Payments` (`payment_id`, `payment_amount`, `payment_date`, `invoice_bigint3`) VALUES ('14', '249950', '2009-08-09', '5576');
INSERT INTO `Payments` (`payment_id`, `payment_amount`, `payment_date`, `invoice_bigint3`) VALUES ('17', '407826', '2002-01-15', '7291');
INSERT INTO `Payments` (`payment_id`, `payment_amount`, `payment_date`, `invoice_bigint3`) VALUES ('20', '524785', '1990-08-01', '249');
INSERT INTO `Payments` (`payment_id`, `payment_amount`, `payment_date`, `invoice_bigint3`) VALUES ('21', '491308', '1980-08-28', '7905');
INSERT INTO `Payments` (`payment_id`, `payment_amount`, `payment_date`, `invoice_bigint3`) VALUES ('22', '181341', '2015-08-17', '2652');
INSERT INTO `Payments` (`payment_id`, `payment_amount`, `payment_date`, `invoice_bigint3`) VALUES ('24', '486034', '2020-01-29', '3155');
INSERT INTO `Payments` (`payment_id`, `payment_amount`, `payment_date`, `invoice_bigint3`) VALUES ('25', '205624', '2004-10-17', '1549');
INSERT INTO `Payments` (`payment_id`, `payment_amount`, `payment_date`, `invoice_bigint3`) VALUES ('28', '283420', '2017-03-01', '4806');
INSERT INTO `Payments` (`payment_id`, `payment_amount`, `payment_date`, `invoice_bigint3`) VALUES ('30', '63588', '1980-11-26', '5183');
INSERT INTO `Payments` (`payment_id`, `payment_amount`, `payment_date`, `invoice_bigint3`) VALUES ('34', '18593', '2004-06-23', '249');
INSERT INTO `Payments` (`payment_id`, `payment_amount`, `payment_date`, `invoice_bigint3`) VALUES ('35', '78211', '1985-08-10', '5579');
INSERT INTO `Payments` (`payment_id`, `payment_amount`, `payment_date`, `invoice_bigint3`) VALUES ('37', '371449', '1987-02-16', '7849');
INSERT INTO `Payments` (`payment_id`, `payment_amount`, `payment_date`, `invoice_bigint3`) VALUES ('40', '56711', '2014-07-27', '4660');
INSERT INTO `Payments` (`payment_id`, `payment_amount`, `payment_date`, `invoice_bigint3`) VALUES ('41', '561156', '2019-09-01', '9166');
INSERT INTO `Payments` (`payment_id`, `payment_amount`, `payment_date`, `invoice_bigint3`) VALUES ('46', '423053', '2011-02-25', '6836');
INSERT INTO `Payments` (`payment_id`, `payment_amount`, `payment_date`, `invoice_bigint3`) VALUES ('53', '476979', '1975-04-07', '6576');
INSERT INTO `Payments` (`payment_id`, `payment_amount`, `payment_date`, `invoice_bigint3`) VALUES ('54', '383021', '2013-08-19', '9116');
INSERT INTO `Payments` (`payment_id`, `payment_amount`, `payment_date`, `invoice_bigint3`) VALUES ('56', '446915', '1970-12-18', '7291');
INSERT INTO `Payments` (`payment_id`, `payment_amount`, `payment_date`, `invoice_bigint3`) VALUES ('57', '477297', '1997-08-07', '5195');
INSERT INTO `Payments` (`payment_id`, `payment_amount`, `payment_date`, `invoice_bigint3`) VALUES ('65', '474637', '1985-10-23', '2825');
INSERT INTO `Payments` (`payment_id`, `payment_amount`, `payment_date`, `invoice_bigint3`) VALUES ('73', '357245', '2017-01-24', '759');
INSERT INTO `Payments` (`payment_id`, `payment_amount`, `payment_date`, `invoice_bigint3`) VALUES ('74', '445398', '1982-12-24', '5839');
INSERT INTO `Payments` (`payment_id`, `payment_amount`, `payment_date`, `invoice_bigint3`) VALUES ('78', '521719', '2015-04-04', '4660');
INSERT INTO `Payments` (`payment_id`, `payment_amount`, `payment_date`, `invoice_bigint3`) VALUES ('79', '281443', '2005-10-19', '1494');
INSERT INTO `Payments` (`payment_id`, `payment_amount`, `payment_date`, `invoice_bigint3`) VALUES ('81', '231636', '1982-04-05', '3232');
INSERT INTO `Payments` (`payment_id`, `payment_amount`, `payment_date`, `invoice_bigint3`) VALUES ('82', '351847', '2018-09-14', '1356');
INSERT INTO `Payments` (`payment_id`, `payment_amount`, `payment_date`, `invoice_bigint3`) VALUES ('83', '90496', '1986-07-29', '9496');
INSERT INTO `Payments` (`payment_id`, `payment_amount`, `payment_date`, `invoice_bigint3`) VALUES ('85', '58113', '1990-01-28', '7954');
INSERT INTO `Payments` (`payment_id`, `payment_amount`, `payment_date`, `invoice_bigint3`) VALUES ('86', '63319', '1978-09-27', '2393');
INSERT INTO `Payments` (`payment_id`, `payment_amount`, `payment_date`, `invoice_bigint3`) VALUES ('94', '385783', '2017-02-26', '6836');
INSERT INTO `Payments` (`payment_id`, `payment_amount`, `payment_date`, `invoice_bigint3`) VALUES ('103', '499423', '1998-01-16', '1547');
INSERT INTO `Payments` (`payment_id`, `payment_amount`, `payment_date`, `invoice_bigint3`) VALUES ('104', '502919', '1998-05-14', '3426');
INSERT INTO `Payments` (`payment_id`, `payment_amount`, `payment_date`, `invoice_bigint3`) VALUES ('111', '134453', '1976-02-05', '5576');
INSERT INTO `Payments` (`payment_id`, `payment_amount`, `payment_date`, `invoice_bigint3`) VALUES ('113', '30534', '1973-02-23', '7954');
INSERT INTO `Payments` (`payment_id`, `payment_amount`, `payment_date`, `invoice_bigint3`) VALUES ('115', '467773', '1973-02-19', '9496');
INSERT INTO `Payments` (`payment_id`, `payment_amount`, `payment_date`, `invoice_bigint3`) VALUES ('116', '149926', '1988-03-21', '8875');
INSERT INTO `Payments` (`payment_id`, `payment_amount`, `payment_date`, `invoice_bigint3`) VALUES ('120', '62060', '2013-02-05', '4806');
INSERT INTO `Payments` (`payment_id`, `payment_amount`, `payment_date`, `invoice_bigint3`) VALUES ('123', '349858', '1978-11-29', '6993');
INSERT INTO `Payments` (`payment_id`, `payment_amount`, `payment_date`, `invoice_bigint3`) VALUES ('125', '381888', '1986-08-11', '3971');
INSERT INTO `Payments` (`payment_id`, `payment_amount`, `payment_date`, `invoice_bigint3`) VALUES ('129', '333507', '1995-07-14', '3232');
INSERT INTO `Payments` (`payment_id`, `payment_amount`, `payment_date`, `invoice_bigint3`) VALUES ('130', '314551', '1991-06-13', '5579');
INSERT INTO `Payments` (`payment_id`, `payment_amount`, `payment_date`, `invoice_bigint3`) VALUES ('131', '31987', '2013-10-04', '8712');
INSERT INTO `Payments` (`payment_id`, `payment_amount`, `payment_date`, `invoice_bigint3`) VALUES ('133', '63178', '1999-08-11', '5576');
INSERT INTO `Payments` (`payment_id`, `payment_amount`, `payment_date`, `invoice_bigint3`) VALUES ('136', '297424', '1990-09-13', '6343');
INSERT INTO `Payments` (`payment_id`, `payment_amount`, `payment_date`, `invoice_bigint3`) VALUES ('137', '302595', '1985-09-04', '7849');
INSERT INTO `Payments` (`payment_id`, `payment_amount`, `payment_date`, `invoice_bigint3`) VALUES ('140', '458746', '2013-08-19', '5576');
INSERT INTO `Payments` (`payment_id`, `payment_amount`, `payment_date`, `invoice_bigint3`) VALUES ('142', '224690', '2013-01-26', '7291');
INSERT INTO `Payments` (`payment_id`, `payment_amount`, `payment_date`, `invoice_bigint3`) VALUES ('143', '413274', '2014-03-24', '3954');
INSERT INTO `Payments` (`payment_id`, `payment_amount`, `payment_date`, `invoice_bigint3`) VALUES ('144', '356648', '1985-04-24', '7278');
INSERT INTO `Payments` (`payment_id`, `payment_amount`, `payment_date`, `invoice_bigint3`) VALUES ('147', '34952', '1990-04-20', '2771');
INSERT INTO `Payments` (`payment_id`, `payment_amount`, `payment_date`, `invoice_bigint3`) VALUES ('151', '431047', '1979-01-07', '69');
INSERT INTO `Payments` (`payment_id`, `payment_amount`, `payment_date`, `invoice_bigint3`) VALUES ('154', '205962', '1991-07-12', '3426');
INSERT INTO `Payments` (`payment_id`, `payment_amount`, `payment_date`, `invoice_bigint3`) VALUES ('156', '582564', '1982-04-15', '8046');
INSERT INTO `Payments` (`payment_id`, `payment_amount`, `payment_date`, `invoice_bigint3`) VALUES ('157', '275858', '1972-02-25', '5482');
INSERT INTO `Payments` (`payment_id`, `payment_amount`, `payment_date`, `invoice_bigint3`) VALUES ('160', '508196', '1983-03-09', '8456');
INSERT INTO `Payments` (`payment_id`, `payment_amount`, `payment_date`, `invoice_bigint3`) VALUES ('161', '415124', '1989-11-29', '8046');
INSERT INTO `Payments` (`payment_id`, `payment_amount`, `payment_date`, `invoice_bigint3`) VALUES ('162', '376038', '1993-08-05', '2160');
INSERT INTO `Payments` (`payment_id`, `payment_amount`, `payment_date`, `invoice_bigint3`) VALUES ('168', '123459', '1977-01-24', '5576');
INSERT INTO `Payments` (`payment_id`, `payment_amount`, `payment_date`, `invoice_bigint3`) VALUES ('169', '128393', '2018-09-01', '8246');
INSERT INTO `Payments` (`payment_id`, `payment_amount`, `payment_date`, `invoice_bigint3`) VALUES ('171', '100761', '1992-07-28', '1839');
INSERT INTO `Payments` (`payment_id`, `payment_amount`, `payment_date`, `invoice_bigint3`) VALUES ('172', '242929', '1973-02-22', '5898');
INSERT INTO `Payments` (`payment_id`, `payment_amount`, `payment_date`, `invoice_bigint3`) VALUES ('176', '282495', '1979-03-20', '1945');
INSERT INTO `Payments` (`payment_id`, `payment_amount`, `payment_date`, `invoice_bigint3`) VALUES ('180', '582856', '2011-01-08', '1498');
INSERT INTO `Payments` (`payment_id`, `payment_amount`, `payment_date`, `invoice_bigint3`) VALUES ('184', '562780', '1996-07-25', '9496');
INSERT INTO `Payments` (`payment_id`, `payment_amount`, `payment_date`, `invoice_bigint3`) VALUES ('191', '82215', '2001-09-24', '1549');
INSERT INTO `Payments` (`payment_id`, `payment_amount`, `payment_date`, `invoice_bigint3`) VALUES ('192', '501482', '2007-01-30', '3443');
INSERT INTO `Payments` (`payment_id`, `payment_amount`, `payment_date`, `invoice_bigint3`) VALUES ('193', '176260', '1998-12-30', '3270');
INSERT INTO `Payments` (`payment_id`, `payment_amount`, `payment_date`, `invoice_bigint3`) VALUES ('200', '152043', '1985-09-09', '1337');
INSERT INTO `Payments` (`payment_id`, `payment_amount`, `payment_date`, `invoice_bigint3`) VALUES ('201', '540866', '2005-04-25', '9496');
INSERT INTO `Payments` (`payment_id`, `payment_amount`, `payment_date`, `invoice_bigint3`) VALUES ('203', '422830', '1980-05-13', '7679');
INSERT INTO `Payments` (`payment_id`, `payment_amount`, `payment_date`, `invoice_bigint3`) VALUES ('206', '541479', '2003-11-04', '8835');
INSERT INTO `Payments` (`payment_id`, `payment_amount`, `payment_date`, `invoice_bigint3`) VALUES ('210', '55415', '1984-10-30', '1839');
INSERT INTO `Payments` (`payment_id`, `payment_amount`, `payment_date`, `invoice_bigint3`) VALUES ('219', '435179', '1982-04-20', '9116');
INSERT INTO `Payments` (`payment_id`, `payment_amount`, `payment_date`, `invoice_bigint3`) VALUES ('223', '351681', '1997-05-14', '8835');
INSERT INTO `Payments` (`payment_id`, `payment_amount`, `payment_date`, `invoice_bigint3`) VALUES ('226', '46367', '1973-08-21', '3270');
INSERT INTO `Payments` (`payment_id`, `payment_amount`, `payment_date`, `invoice_bigint3`) VALUES ('228', '52836', '1991-10-27', '5482');
INSERT INTO `Payments` (`payment_id`, `payment_amount`, `payment_date`, `invoice_bigint3`) VALUES ('232', '440472', '2006-03-22', '1498');
INSERT INTO `Payments` (`payment_id`, `payment_amount`, `payment_date`, `invoice_bigint3`) VALUES ('236', '536990', '1970-11-11', '4266');
INSERT INTO `Payments` (`payment_id`, `payment_amount`, `payment_date`, `invoice_bigint3`) VALUES ('241', '222290', '1977-04-07', '5338');
INSERT INTO `Payments` (`payment_id`, `payment_amount`, `payment_date`, `invoice_bigint3`) VALUES ('244', '387968', '1990-05-26', '5897');
INSERT INTO `Payments` (`payment_id`, `payment_amount`, `payment_date`, `invoice_bigint3`) VALUES ('253', '383428', '2014-03-27', '4660');
INSERT INTO `Payments` (`payment_id`, `payment_amount`, `payment_date`, `invoice_bigint3`) VALUES ('255', '138949', '1998-03-06', '1667');
INSERT INTO `Payments` (`payment_id`, `payment_amount`, `payment_date`, `invoice_bigint3`) VALUES ('258', '120652', '1998-10-04', '7645');
INSERT INTO `Payments` (`payment_id`, `payment_amount`, `payment_date`, `invoice_bigint3`) VALUES ('263', '259472', '2008-11-01', '8046');
INSERT INTO `Payments` (`payment_id`, `payment_amount`, `payment_date`, `invoice_bigint3`) VALUES ('265', '516832', '2004-06-17', '6836');
INSERT INTO `Payments` (`payment_id`, `payment_amount`, `payment_date`, `invoice_bigint3`) VALUES ('267', '69844', '2006-03-21', '69');
INSERT INTO `Payments` (`payment_id`, `payment_amount`, `payment_date`, `invoice_bigint3`) VALUES ('269', '104042', '1979-11-02', '8063');
INSERT INTO `Payments` (`payment_id`, `payment_amount`, `payment_date`, `invoice_bigint3`) VALUES ('270', '248676', '2016-11-12', '759');
INSERT INTO `Payments` (`payment_id`, `payment_amount`, `payment_date`, `invoice_bigint3`) VALUES ('273', '289747', '1970-07-12', '1498');
INSERT INTO `Payments` (`payment_id`, `payment_amount`, `payment_date`, `invoice_bigint3`) VALUES ('274', '201335', '1979-03-23', '5482');
INSERT INTO `Payments` (`payment_id`, `payment_amount`, `payment_date`, `invoice_bigint3`) VALUES ('279', '286183', '2012-07-30', '3971');
INSERT INTO `Payments` (`payment_id`, `payment_amount`, `payment_date`, `invoice_bigint3`) VALUES ('280', '333298', '2013-10-06', '6306');
INSERT INTO `Payments` (`payment_id`, `payment_amount`, `payment_date`, `invoice_bigint3`) VALUES ('281', '109181', '1975-08-24', '3270');
INSERT INTO `Payments` (`payment_id`, `payment_amount`, `payment_date`, `invoice_bigint3`) VALUES ('287', '276436', '1982-10-08', '5183');
INSERT INTO `Payments` (`payment_id`, `payment_amount`, `payment_date`, `invoice_bigint3`) VALUES ('294', '284405', '1980-01-01', '9893');
INSERT INTO `Payments` (`payment_id`, `payment_amount`, `payment_date`, `invoice_bigint3`) VALUES ('298', '411565', '2011-07-04', '249');
INSERT INTO `Payments` (`payment_id`, `payment_amount`, `payment_date`, `invoice_bigint3`) VALUES ('299', '568404', '2017-02-24', '2393');



INSERT INTO `Order_items` (`order_item_id`, `order_item_quantity`, `order_item_price`, `RMA_bigint`, `RMA_issued_by`, `other_order_item_details`, `order_item_status_code`, `RMA_issued_date`, `order_id8`, `product_id9`) VALUES ('10', '35', '9606', '3434722433117', 'Rowe-Daniel', 'In provident qui enim architecto. Beatae occaecati', '1', '1976-06-07', '1296', '24514');
INSERT INTO `Order_items` (`order_item_id`, `order_item_quantity`, `order_item_price`, `RMA_bigint`, `RMA_issued_by`, `other_order_item_details`, `order_item_status_code`, `RMA_issued_date`, `order_id8`, `product_id9`) VALUES ('24', '36', '7288', '4325942110829', 'Schmitt-Feest', 'Enim enim aut ea est cum quod sunt. Qui architecto', '1', '1991-08-27', '118', '66488');
INSERT INTO `Order_items` (`order_item_id`, `order_item_quantity`, `order_item_price`, `RMA_bigint`, `RMA_issued_by`, `other_order_item_details`, `order_item_status_code`, `RMA_issued_date`, `order_id8`, `product_id9`) VALUES ('32', '48', '36403', '1049926824764', 'Schumm-Mueller', 'Excepturi sit ut blanditiis quia. Enim perspiciati', '3', '1991-06-06', '2184', '26478384');
INSERT INTO `Order_items` (`order_item_id`, `order_item_quantity`, `order_item_price`, `RMA_bigint`, `RMA_issued_by`, `other_order_item_details`, `order_item_status_code`, `RMA_issued_date`, `order_id8`, `product_id9`) VALUES ('49', '47', '4144', '2199253546170', 'West-Wilkinson', 'Sequi corporis aut rerum doloribus eveniet quam. I', '9', '1992-05-04', '105', '3579996');
INSERT INTO `Order_items` (`order_item_id`, `order_item_quantity`, `order_item_price`, `RMA_bigint`, `RMA_issued_by`, `other_order_item_details`, `order_item_status_code`, `RMA_issued_date`, `order_id8`, `product_id9`) VALUES ('59', '31', '22855', '235769345561', 'Roberts and Sons', 'Labore rem nihil facilis temporibus laboriosam vol', '3', '1990-05-07', '2193', '3');
INSERT INTO `Order_items` (`order_item_id`, `order_item_quantity`, `order_item_price`, `RMA_bigint`, `RMA_issued_by`, `other_order_item_details`, `order_item_status_code`, `RMA_issued_date`, `order_id8`, `product_id9`) VALUES ('121', '44', '37356', '6749845553220', 'Rice-Bradtke', 'Voluptatibus hic ducimus enim deleniti facere. Lab', '2', '1976-05-06', '61', '17');
INSERT INTO `Order_items` (`order_item_id`, `order_item_quantity`, `order_item_price`, `RMA_bigint`, `RMA_issued_by`, `other_order_item_details`, `order_item_status_code`, `RMA_issued_date`, `order_id8`, `product_id9`) VALUES ('126', '33', '37860', '9234170757568', 'Tromp-Price', 'Nam ut consequuntur beatae ut vel eligendi. Sint a', '5', '1988-08-06', '1774', '891446');
INSERT INTO `Order_items` (`order_item_id`, `order_item_quantity`, `order_item_price`, `RMA_bigint`, `RMA_issued_by`, `other_order_item_details`, `order_item_status_code`, `RMA_issued_date`, `order_id8`, `product_id9`) VALUES ('137', '7', '24114', '3972720382216', 'Schmidt Inc', 'Architecto soluta eos esse ea numquam modi necessi', '2', '1988-02-07', '2174', '2');
INSERT INTO `Order_items` (`order_item_id`, `order_item_quantity`, `order_item_price`, `RMA_bigint`, `RMA_issued_by`, `other_order_item_details`, `order_item_status_code`, `RMA_issued_date`, `order_id8`, `product_id9`) VALUES ('140', '23', '39186', '8051522950139', 'Lockman-Cronin', 'Ab nam sit voluptates dolorum autem maxime. Cum re', '5', '1975-05-16', '1936', '45109028');
INSERT INTO `Order_items` (`order_item_id`, `order_item_quantity`, `order_item_price`, `RMA_bigint`, `RMA_issued_by`, `other_order_item_details`, `order_item_status_code`, `RMA_issued_date`, `order_id8`, `product_id9`) VALUES ('151', '28', '22631', '6939647178626', 'Barton and Sons', 'Voluptatem totam quis beatae exercitationem saepe ', '3', '1994-05-31', '959', '431378');
INSERT INTO `Order_items` (`order_item_id`, `order_item_quantity`, `order_item_price`, `RMA_bigint`, `RMA_issued_by`, `other_order_item_details`, `order_item_status_code`, `RMA_issued_date`, `order_id8`, `product_id9`) VALUES ('161', '44', '5727', '4602526489077', 'Heaney-Cartwright', 'Expedita voluptatem ut odio nam suscipit non volup', '2', '2010-12-02', '2560', '60078');
INSERT INTO `Order_items` (`order_item_id`, `order_item_quantity`, `order_item_price`, `RMA_bigint`, `RMA_issued_by`, `other_order_item_details`, `order_item_status_code`, `RMA_issued_date`, `order_id8`, `product_id9`) VALUES ('180', '9', '30378', '8181297703958', 'Ankunding-Feest', 'Rerum mollitia nihil voluptas exercitationem illum', '5', '1998-01-20', '987', '951857524');
INSERT INTO `Order_items` (`order_item_id`, `order_item_quantity`, `order_item_price`, `RMA_bigint`, `RMA_issued_by`, `other_order_item_details`, `order_item_status_code`, `RMA_issued_date`, `order_id8`, `product_id9`) VALUES ('198', '29', '34151', '557651253779', 'Upton, Zulauf and Kuhn', 'Quaerat sed quo explicabo consectetur. Architecto ', '2', '1976-06-14', '1570', '66488');
INSERT INTO `Order_items` (`order_item_id`, `order_item_quantity`, `order_item_price`, `RMA_bigint`, `RMA_issued_by`, `other_order_item_details`, `order_item_status_code`, `RMA_issued_date`, `order_id8`, `product_id9`) VALUES ('231', '45', '33725', '3563862542950', 'Crist-Christiansen', 'Placeat ducimus dolor et assumenda vel sequi esse.', '3', '1971-08-23', '347', '285');
INSERT INTO `Order_items` (`order_item_id`, `order_item_quantity`, `order_item_price`, `RMA_bigint`, `RMA_issued_by`, `other_order_item_details`, `order_item_status_code`, `RMA_issued_date`, `order_id8`, `product_id9`) VALUES ('235', '15', '16268', '1660511994121', 'Zboncak PLC', 'Id ipsum perspiciatis rerum nulla quia. Enim ea no', '1', '2007-04-05', '2764', '11');
INSERT INTO `Order_items` (`order_item_id`, `order_item_quantity`, `order_item_price`, `RMA_bigint`, `RMA_issued_by`, `other_order_item_details`, `order_item_status_code`, `RMA_issued_date`, `order_id8`, `product_id9`) VALUES ('243', '34', '13665', '1798977670287', 'Schultz-Ritchie', 'Ut eos odio fugiat voluptatum libero est. Optio au', '2', '2000-04-05', '1111', '60');
INSERT INTO `Order_items` (`order_item_id`, `order_item_quantity`, `order_item_price`, `RMA_bigint`, `RMA_issued_by`, `other_order_item_details`, `order_item_status_code`, `RMA_issued_date`, `order_id8`, `product_id9`) VALUES ('266', '44', '4504', '5967240977798', 'Thiel-Little', 'Praesentium ipsam voluptatum corrupti architecto h', '5', '2007-12-21', '959', '738644126');
INSERT INTO `Order_items` (`order_item_id`, `order_item_quantity`, `order_item_price`, `RMA_bigint`, `RMA_issued_by`, `other_order_item_details`, `order_item_status_code`, `RMA_issued_date`, `order_id8`, `product_id9`) VALUES ('270', '27', '15475', '1594608989502', 'Robel-Bauch', 'Rerum repudiandae possimus quia quia omnis volupta', '9', '2000-07-04', '2077', '9474');
INSERT INTO `Order_items` (`order_item_id`, `order_item_quantity`, `order_item_price`, `RMA_bigint`, `RMA_issued_by`, `other_order_item_details`, `order_item_status_code`, `RMA_issued_date`, `order_id8`, `product_id9`) VALUES ('296', '4', '13029', '5985875631083', 'Romaguera, Hilll and Heaney', 'Fugiat sit explicabo cupiditate accusamus. Et veli', '3', '1987-11-09', '863', '3241');
INSERT INTO `Order_items` (`order_item_id`, `order_item_quantity`, `order_item_price`, `RMA_bigint`, `RMA_issued_by`, `other_order_item_details`, `order_item_status_code`, `RMA_issued_date`, `order_id8`, `product_id9`) VALUES ('324', '22', '21730', '5681541575773', 'Witting Inc', 'Illum minima quis autem id consequuntur. Quos eius', '', '2019-08-18', '347', '234438216');
INSERT INTO `Order_items` (`order_item_id`, `order_item_quantity`, `order_item_price`, `RMA_bigint`, `RMA_issued_by`, `other_order_item_details`, `order_item_status_code`, `RMA_issued_date`, `order_id8`, `product_id9`) VALUES ('329', '48', '35687', '3142562269437', 'Gaylord Ltd', 'Assumenda mollitia eius quam nulla. Ipsam sapiente', '3', '2019-04-12', '379', '54674');
INSERT INTO `Order_items` (`order_item_id`, `order_item_quantity`, `order_item_price`, `RMA_bigint`, `RMA_issued_by`, `other_order_item_details`, `order_item_status_code`, `RMA_issued_date`, `order_id8`, `product_id9`) VALUES ('345', '19', '7423', '3347205768968', 'Witting Inc', 'Et doloremque consectetur et pariatur. Aliquam nos', '1', '2015-09-27', '1339', '11761');
INSERT INTO `Order_items` (`order_item_id`, `order_item_quantity`, `order_item_price`, `RMA_bigint`, `RMA_issued_by`, `other_order_item_details`, `order_item_status_code`, `RMA_issued_date`, `order_id8`, `product_id9`) VALUES ('362', '44', '25065', '5550829031419', 'D\'Amore-Batz', 'Aliquam ducimus suscipit ullam nam dicta qui volup', '', '1970-08-07', '2623', '25772');
INSERT INTO `Order_items` (`order_item_id`, `order_item_quantity`, `order_item_price`, `RMA_bigint`, `RMA_issued_by`, `other_order_item_details`, `order_item_status_code`, `RMA_issued_date`, `order_id8`, `product_id9`) VALUES ('382', '46', '20557', '5187865190581', 'Ziemann PLC', 'Recusandae consectetur iste inventore itaque. Ulla', '9', '2005-07-23', '1001', '431378');
INSERT INTO `Order_items` (`order_item_id`, `order_item_quantity`, `order_item_price`, `RMA_bigint`, `RMA_issued_by`, `other_order_item_details`, `order_item_status_code`, `RMA_issued_date`, `order_id8`, `product_id9`) VALUES ('403', '42', '29069', '8999354757420', 'Crona-Powlowski', 'Ut vel voluptatem non est dignissimos repellat vol', '8', '2011-04-23', '2423', '63');
INSERT INTO `Order_items` (`order_item_id`, `order_item_quantity`, `order_item_price`, `RMA_bigint`, `RMA_issued_by`, `other_order_item_details`, `order_item_status_code`, `RMA_issued_date`, `order_id8`, `product_id9`) VALUES ('421', '25', '39557', '5719511378236', 'Ferry and Sons', 'Explicabo recusandae animi itaque harum sunt. Opti', '9', '2018-07-03', '292', '8075');
INSERT INTO `Order_items` (`order_item_id`, `order_item_quantity`, `order_item_price`, `RMA_bigint`, `RMA_issued_by`, `other_order_item_details`, `order_item_status_code`, `RMA_issued_date`, `order_id8`, `product_id9`) VALUES ('440', '12', '35915', '1917311731778', 'Davis Ltd', 'Minus ullam et est eum eos. Est sit praesentium co', '8', '1995-03-05', '1306', '66488');
INSERT INTO `Order_items` (`order_item_id`, `order_item_quantity`, `order_item_price`, `RMA_bigint`, `RMA_issued_by`, `other_order_item_details`, `order_item_status_code`, `RMA_issued_date`, `order_id8`, `product_id9`) VALUES ('459', '30', '12351', '5034992503268', 'Krajcik, Kerluke and Heidenreich', 'Eos dolores dolorum nisi eum omnis. Error explicab', '6', '1998-01-28', '1847', '2955671');
INSERT INTO `Order_items` (`order_item_id`, `order_item_quantity`, `order_item_price`, `RMA_bigint`, `RMA_issued_by`, `other_order_item_details`, `order_item_status_code`, `RMA_issued_date`, `order_id8`, `product_id9`) VALUES ('465', '13', '8500', '8601969257461', 'Harber and Sons', 'Fuga est ipsam odio voluptatem voluptas dolores ad', '1', '1972-09-13', '926', '14877');
INSERT INTO `Order_items` (`order_item_id`, `order_item_quantity`, `order_item_price`, `RMA_bigint`, `RMA_issued_by`, `other_order_item_details`, `order_item_status_code`, `RMA_issued_date`, `order_id8`, `product_id9`) VALUES ('466', '4', '21236', '6924045683568', 'Keeling-Breitenberg', 'Laboriosam maxime ab nisi ab quis et. Et animi ull', '6', '2004-04-08', '2659', '6517');
INSERT INTO `Order_items` (`order_item_id`, `order_item_quantity`, `order_item_price`, `RMA_bigint`, `RMA_issued_by`, `other_order_item_details`, `order_item_status_code`, `RMA_issued_date`, `order_id8`, `product_id9`) VALUES ('468', '3', '23092', '4589617809269', 'Nitzsche-Schroeder', 'Dignissimos inventore cumque magni quo ipsum. Cons', '8', '2016-04-22', '2203', '9778447');
INSERT INTO `Order_items` (`order_item_id`, `order_item_quantity`, `order_item_price`, `RMA_bigint`, `RMA_issued_by`, `other_order_item_details`, `order_item_status_code`, `RMA_issued_date`, `order_id8`, `product_id9`) VALUES ('543', '9', '24075', '1078555617249', 'Nicolas, Wehner and Cummings', 'Enim amet magni necessitatibus. Dolorem ut incidun', '7', '1992-04-12', '115', '431378');
INSERT INTO `Order_items` (`order_item_id`, `order_item_quantity`, `order_item_price`, `RMA_bigint`, `RMA_issued_by`, `other_order_item_details`, `order_item_status_code`, `RMA_issued_date`, `order_id8`, `product_id9`) VALUES ('582', '9', '37045', '2460793079078', 'Bailey PLC', 'Numquam in consequatur doloremque fugiat ab. Aut p', '8', '1997-06-30', '2989', '36');
INSERT INTO `Order_items` (`order_item_id`, `order_item_quantity`, `order_item_price`, `RMA_bigint`, `RMA_issued_by`, `other_order_item_details`, `order_item_status_code`, `RMA_issued_date`, `order_id8`, `product_id9`) VALUES ('606', '6', '22042', '3628438416629', 'Olson, Durgan and Leffler', 'Nulla omnis sapiente consequatur aliquid temporibu', '4', '1985-11-15', '61', '36');
INSERT INTO `Order_items` (`order_item_id`, `order_item_quantity`, `order_item_price`, `RMA_bigint`, `RMA_issued_by`, `other_order_item_details`, `order_item_status_code`, `RMA_issued_date`, `order_id8`, `product_id9`) VALUES ('607', '10', '28467', '6781344247040', 'Thompson, Gleason and Effertz', 'Ut assumenda eos qui. Perferendis enim eveniet aut', '2', '1988-01-15', '2992', '33466');
INSERT INTO `Order_items` (`order_item_id`, `order_item_quantity`, `order_item_price`, `RMA_bigint`, `RMA_issued_by`, `other_order_item_details`, `order_item_status_code`, `RMA_issued_date`, `order_id8`, `product_id9`) VALUES ('614', '29', '13784', '3663203784176', 'Runolfsson Ltd', 'Dicta libero eaque corrupti ut molestiae cumque et', '8', '1995-10-24', '2350', '3727186');
INSERT INTO `Order_items` (`order_item_id`, `order_item_quantity`, `order_item_price`, `RMA_bigint`, `RMA_issued_by`, `other_order_item_details`, `order_item_status_code`, `RMA_issued_date`, `order_id8`, `product_id9`) VALUES ('625', '3', '7684', '5500690593127', 'Marvin-Heller', 'Occaecati aut dolor autem inventore occaecati dolo', '8', '2000-03-15', '1180', '9778447');
INSERT INTO `Order_items` (`order_item_id`, `order_item_quantity`, `order_item_price`, `RMA_bigint`, `RMA_issued_by`, `other_order_item_details`, `order_item_status_code`, `RMA_issued_date`, `order_id8`, `product_id9`) VALUES ('651', '22', '37217', '8282111676257', 'Conroy-Lind', 'Architecto pariatur unde quibusdam facilis sunt as', '4', '2006-04-04', '641', '44524');
INSERT INTO `Order_items` (`order_item_id`, `order_item_quantity`, `order_item_price`, `RMA_bigint`, `RMA_issued_by`, `other_order_item_details`, `order_item_status_code`, `RMA_issued_date`, `order_id8`, `product_id9`) VALUES ('654', '33', '18346', '2350630177503', 'Kuhic, Ondricka and Considine', 'Illum voluptates nemo qui aliquam facilis. Et eum ', '1', '2018-08-03', '619', '7577355');
INSERT INTO `Order_items` (`order_item_id`, `order_item_quantity`, `order_item_price`, `RMA_bigint`, `RMA_issued_by`, `other_order_item_details`, `order_item_status_code`, `RMA_issued_date`, `order_id8`, `product_id9`) VALUES ('809', '19', '26658', '54014800026', 'Hagenes Group', 'Qui est sed dolorem non laborum rem. Porro dolorem', '', '1988-03-25', '1180', '26478384');
INSERT INTO `Order_items` (`order_item_id`, `order_item_quantity`, `order_item_price`, `RMA_bigint`, `RMA_issued_by`, `other_order_item_details`, `order_item_status_code`, `RMA_issued_date`, `order_id8`, `product_id9`) VALUES ('815', '28', '4788', '4160226537356', 'Haley, Schoen and Johns', 'Voluptas corrupti tempora aut rerum sunt ut sint. ', '2', '2018-05-12', '1077', '4');
INSERT INTO `Order_items` (`order_item_id`, `order_item_quantity`, `order_item_price`, `RMA_bigint`, `RMA_issued_by`, `other_order_item_details`, `order_item_status_code`, `RMA_issued_date`, `order_id8`, `product_id9`) VALUES ('868', '2', '23394', '5975458220513', 'Koelpin-Will', 'Eveniet quo blanditiis voluptas eligendi provident', '6', '1990-02-26', '926', '1484');
INSERT INTO `Order_items` (`order_item_id`, `order_item_quantity`, `order_item_price`, `RMA_bigint`, `RMA_issued_by`, `other_order_item_details`, `order_item_status_code`, `RMA_issued_date`, `order_id8`, `product_id9`) VALUES ('935', '35', '32659', '6976883482728', 'Wuckert-Dibbert', 'Qui nihil ex doloremque eos non nostrum. Dolores u', '', '1997-10-31', '1819', '30202');
INSERT INTO `Order_items` (`order_item_id`, `order_item_quantity`, `order_item_price`, `RMA_bigint`, `RMA_issued_by`, `other_order_item_details`, `order_item_status_code`, `RMA_issued_date`, `order_id8`, `product_id9`) VALUES ('966', '41', '37071', '3022924480680', 'Parker, Hammes and Tromp', 'Consequatur id et architecto eveniet. Quasi ipsum ', '9', '2018-04-18', '767', '757437355');
INSERT INTO `Order_items` (`order_item_id`, `order_item_quantity`, `order_item_price`, `RMA_bigint`, `RMA_issued_by`, `other_order_item_details`, `order_item_status_code`, `RMA_issued_date`, `order_id8`, `product_id9`) VALUES ('998', '19', '35967', '8974104846371', 'Hickle and Sons', 'Accusamus ea alias autem excepturi ut autem eos be', '3', '2001-03-02', '1847', '6');
INSERT INTO `Order_items` (`order_item_id`, `order_item_quantity`, `order_item_price`, `RMA_bigint`, `RMA_issued_by`, `other_order_item_details`, `order_item_status_code`, `RMA_issued_date`, `order_id8`, `product_id9`) VALUES ('1006', '36', '33700', '904392074864', 'O\'Keefe, Wilderman and Cremin', 'Rerum amet et error ad. Deleniti modi vitae deleni', '9', '1983-07-29', '958', '53039');
INSERT INTO `Order_items` (`order_item_id`, `order_item_quantity`, `order_item_price`, `RMA_bigint`, `RMA_issued_by`, `other_order_item_details`, `order_item_status_code`, `RMA_issued_date`, `order_id8`, `product_id9`) VALUES ('1019', '44', '12159', '6052933777294', 'Bednar LLC', 'Molestiae dolores vitae quia consequuntur sequi. F', '7', '1984-06-29', '115', '891446');
INSERT INTO `Order_items` (`order_item_id`, `order_item_quantity`, `order_item_price`, `RMA_bigint`, `RMA_issued_by`, `other_order_item_details`, `order_item_status_code`, `RMA_issued_date`, `order_id8`, `product_id9`) VALUES ('1025', '50', '26665', '4146603251985', 'Brekke-Stroman', 'Nihil laborum a numquam non ea accusamus. Libero d', '5', '1977-05-17', '2184', '2');
INSERT INTO `Order_items` (`order_item_id`, `order_item_quantity`, `order_item_price`, `RMA_bigint`, `RMA_issued_by`, `other_order_item_details`, `order_item_status_code`, `RMA_issued_date`, `order_id8`, `product_id9`) VALUES ('1035', '29', '19609', '3119656751932', 'Blick LLC', 'In aliquid accusantium maiores et doloremque. Cum ', '7', '1971-08-19', '466', '9474');
INSERT INTO `Order_items` (`order_item_id`, `order_item_quantity`, `order_item_price`, `RMA_bigint`, `RMA_issued_by`, `other_order_item_details`, `order_item_status_code`, `RMA_issued_date`, `order_id8`, `product_id9`) VALUES ('1079', '35', '39504', '6266793528402', 'Hagenes-Swaniawski', 'Rerum consequuntur illum incidunt velit perspiciat', '5', '2004-07-15', '767', '951857524');
INSERT INTO `Order_items` (`order_item_id`, `order_item_quantity`, `order_item_price`, `RMA_bigint`, `RMA_issued_by`, `other_order_item_details`, `order_item_status_code`, `RMA_issued_date`, `order_id8`, `product_id9`) VALUES ('1135', '42', '39148', '3383368494009', 'Monahan, Ryan and Dickinson', 'Fugiat illum voluptates aut sapiente fuga voluptat', '', '1996-09-25', '42', '60078');
INSERT INTO `Order_items` (`order_item_id`, `order_item_quantity`, `order_item_price`, `RMA_bigint`, `RMA_issued_by`, `other_order_item_details`, `order_item_status_code`, `RMA_issued_date`, `order_id8`, `product_id9`) VALUES ('1145', '3', '37662', '312176246022', 'Batz, Blick and Rath', 'Illo optio voluptas sed omnis. Blanditiis ipsum fa', '5', '2007-10-19', '347', '590');
INSERT INTO `Order_items` (`order_item_id`, `order_item_quantity`, `order_item_price`, `RMA_bigint`, `RMA_issued_by`, `other_order_item_details`, `order_item_status_code`, `RMA_issued_date`, `order_id8`, `product_id9`) VALUES ('1173', '7', '28043', '4769326806258', 'Trantow and Sons', 'Nihil architecto ut sit culpa qui quisquam. Laudan', '2', '1975-12-10', '1659', '33466');
INSERT INTO `Order_items` (`order_item_id`, `order_item_quantity`, `order_item_price`, `RMA_bigint`, `RMA_issued_by`, `other_order_item_details`, `order_item_status_code`, `RMA_issued_date`, `order_id8`, `product_id9`) VALUES ('1178', '11', '21353', '9418527664154', 'Johns-Wintheiser', 'Vel aspernatur aut nulla quas. Repellendus similiq', '', '2003-01-27', '2282', '5294805');
INSERT INTO `Order_items` (`order_item_id`, `order_item_quantity`, `order_item_price`, `RMA_bigint`, `RMA_issued_by`, `other_order_item_details`, `order_item_status_code`, `RMA_issued_date`, `order_id8`, `product_id9`) VALUES ('1193', '34', '1431', '8580260496291', 'Skiles PLC', 'Expedita in minima nisi modi laudantium adipisci q', '9', '1989-05-16', '1296', '44524');
INSERT INTO `Order_items` (`order_item_id`, `order_item_quantity`, `order_item_price`, `RMA_bigint`, `RMA_issued_by`, `other_order_item_details`, `order_item_status_code`, `RMA_issued_date`, `order_id8`, `product_id9`) VALUES ('1195', '23', '1456', '179335045120', 'Nitzsche Inc', 'Ad sunt aperiam provident atque voluptatem iure. I', '2', '1991-08-30', '42', '951857524');
INSERT INTO `Order_items` (`order_item_id`, `order_item_quantity`, `order_item_price`, `RMA_bigint`, `RMA_issued_by`, `other_order_item_details`, `order_item_status_code`, `RMA_issued_date`, `order_id8`, `product_id9`) VALUES ('1213', '40', '32930', '5835078833855', 'Wolf-Kreiger', 'Est et est perspiciatis omnis inventore et vero. O', '2', '2017-01-24', '2363', '8214161');
INSERT INTO `Order_items` (`order_item_id`, `order_item_quantity`, `order_item_price`, `RMA_bigint`, `RMA_issued_by`, `other_order_item_details`, `order_item_status_code`, `RMA_issued_date`, `order_id8`, `product_id9`) VALUES ('1220', '30', '14006', '7456927182146', 'Wiegand, Mertz and Daugherty', 'Et reprehenderit laboriosam ipsum. Commodi enim de', '8', '2017-07-24', '292', '71761');
INSERT INTO `Order_items` (`order_item_id`, `order_item_quantity`, `order_item_price`, `RMA_bigint`, `RMA_issued_by`, `other_order_item_details`, `order_item_status_code`, `RMA_issued_date`, `order_id8`, `product_id9`) VALUES ('1281', '39', '15268', '4132624370644', 'Wiza-Ortiz', 'Dolor cum at sed dolorem sed. Tempore voluptatem q', '4', '2014-06-15', '959', '9276');
INSERT INTO `Order_items` (`order_item_id`, `order_item_quantity`, `order_item_price`, `RMA_bigint`, `RMA_issued_by`, `other_order_item_details`, `order_item_status_code`, `RMA_issued_date`, `order_id8`, `product_id9`) VALUES ('1286', '16', '34148', '3064235446986', 'Lindgren, Corwin and O\'Conner', 'Ipsam sint ut porro aspernatur vitae. Distinctio q', '', '2007-04-15', '2793', '66488');
INSERT INTO `Order_items` (`order_item_id`, `order_item_quantity`, `order_item_price`, `RMA_bigint`, `RMA_issued_by`, `other_order_item_details`, `order_item_status_code`, `RMA_issued_date`, `order_id8`, `product_id9`) VALUES ('1289', '33', '29862', '1600562370703', 'Pagac-Grimes', 'Ab qui vel commodi modi odio qui. Nostrum accusant', '3', '2005-11-06', '2055', '93904');
INSERT INTO `Order_items` (`order_item_id`, `order_item_quantity`, `order_item_price`, `RMA_bigint`, `RMA_issued_by`, `other_order_item_details`, `order_item_status_code`, `RMA_issued_date`, `order_id8`, `product_id9`) VALUES ('1302', '1', '13652', '4410373470960', 'Rogahn Group', 'Iure exercitationem aspernatur ab. Voluptatem qui ', '', '1988-12-03', '1111', '3727186');
INSERT INTO `Order_items` (`order_item_id`, `order_item_quantity`, `order_item_price`, `RMA_bigint`, `RMA_issued_by`, `other_order_item_details`, `order_item_status_code`, `RMA_issued_date`, `order_id8`, `product_id9`) VALUES ('1315', '16', '3110', '8241674336732', 'Considine-Pacocha', 'Et corrupti ut velit et sunt. Sit tempore dolorum ', '1', '1988-07-12', '1466', '11761');
INSERT INTO `Order_items` (`order_item_id`, `order_item_quantity`, `order_item_price`, `RMA_bigint`, `RMA_issued_by`, `other_order_item_details`, `order_item_status_code`, `RMA_issued_date`, `order_id8`, `product_id9`) VALUES ('1335', '25', '1992', '6246541312170', 'King, Denesik and Rowe', 'Inventore tempora suscipit enim mollitia deleniti ', '', '2016-05-06', '1114', '7819');
INSERT INTO `Order_items` (`order_item_id`, `order_item_quantity`, `order_item_price`, `RMA_bigint`, `RMA_issued_by`, `other_order_item_details`, `order_item_status_code`, `RMA_issued_date`, `order_id8`, `product_id9`) VALUES ('1350', '35', '18713', '3044480175596', 'Senger, Upton and Weimann', 'Molestiae repellendus facilis quasi aut ullam aspe', '4', '1995-04-20', '1497', '43730');
INSERT INTO `Order_items` (`order_item_id`, `order_item_quantity`, `order_item_price`, `RMA_bigint`, `RMA_issued_by`, `other_order_item_details`, `order_item_status_code`, `RMA_issued_date`, `order_id8`, `product_id9`) VALUES ('1352', '47', '22613', '2759113749372', 'Douglas-Ruecker', 'Quibusdam et placeat voluptate consectetur fugiat.', '3', '1990-03-06', '464', '825906487');
INSERT INTO `Order_items` (`order_item_id`, `order_item_quantity`, `order_item_price`, `RMA_bigint`, `RMA_issued_by`, `other_order_item_details`, `order_item_status_code`, `RMA_issued_date`, `order_id8`, `product_id9`) VALUES ('1390', '11', '10697', '8421919568948', 'Kessler, Huels and Block', 'Est perferendis reprehenderit dicta ex. Vitae dolo', '', '1996-02-21', '2148', '431378');
INSERT INTO `Order_items` (`order_item_id`, `order_item_quantity`, `order_item_price`, `RMA_bigint`, `RMA_issued_by`, `other_order_item_details`, `order_item_status_code`, `RMA_issued_date`, `order_id8`, `product_id9`) VALUES ('1393', '22', '6165', '5521032697723', 'Considine-Ryan', 'Repudiandae cumque assumenda ea eum quaerat in. Ve', '2', '1991-03-12', '1296', '141390736');
INSERT INTO `Order_items` (`order_item_id`, `order_item_quantity`, `order_item_price`, `RMA_bigint`, `RMA_issued_by`, `other_order_item_details`, `order_item_status_code`, `RMA_issued_date`, `order_id8`, `product_id9`) VALUES ('1409', '7', '5946', '5102338242949', 'Kunde, Jenkins and Koelpin', 'Qui quae quibusdam ullam est voluptatum omnis quas', '3', '2002-07-11', '464', '43730');
INSERT INTO `Order_items` (`order_item_id`, `order_item_quantity`, `order_item_price`, `RMA_bigint`, `RMA_issued_by`, `other_order_item_details`, `order_item_status_code`, `RMA_issued_date`, `order_id8`, `product_id9`) VALUES ('1410', '37', '10390', '5868681471770', 'Welch, Schneider and Greenfelder', 'Omnis voluptas ex dolorem ad qui ut omnis. Non sin', '8', '1987-10-06', '1299', '4611582');
INSERT INTO `Order_items` (`order_item_id`, `order_item_quantity`, `order_item_price`, `RMA_bigint`, `RMA_issued_by`, `other_order_item_details`, `order_item_status_code`, `RMA_issued_date`, `order_id8`, `product_id9`) VALUES ('1411', '22', '17783', '8333227498674', 'Olson, Lebsack and Kris', 'Quas deserunt iure est quidem. Dolorem ut quod pro', '6', '2020-01-25', '1390', '97426343');
INSERT INTO `Order_items` (`order_item_id`, `order_item_quantity`, `order_item_price`, `RMA_bigint`, `RMA_issued_by`, `other_order_item_details`, `order_item_status_code`, `RMA_issued_date`, `order_id8`, `product_id9`) VALUES ('1422', '42', '3926', '1984643022386', 'Corwin-Boyer', 'Voluptates suscipit molestiae expedita pariatur qu', '3', '2019-05-23', '926', '28441');
INSERT INTO `Order_items` (`order_item_id`, `order_item_quantity`, `order_item_price`, `RMA_bigint`, `RMA_issued_by`, `other_order_item_details`, `order_item_status_code`, `RMA_issued_date`, `order_id8`, `product_id9`) VALUES ('1423', '39', '24340', '593971866862', 'Stokes LLC', 'Voluptas distinctio odio veniam vero aperiam non e', '4', '2016-08-28', '2006', '318641998');
INSERT INTO `Order_items` (`order_item_id`, `order_item_quantity`, `order_item_price`, `RMA_bigint`, `RMA_issued_by`, `other_order_item_details`, `order_item_status_code`, `RMA_issued_date`, `order_id8`, `product_id9`) VALUES ('1427', '32', '3317', '7894675028017', 'Hahn-Sanford', 'Beatae fugit amet voluptatem sunt aliquid quasi mi', '9', '2002-07-05', '2874', '66488');
INSERT INTO `Order_items` (`order_item_id`, `order_item_quantity`, `order_item_price`, `RMA_bigint`, `RMA_issued_by`, `other_order_item_details`, `order_item_status_code`, `RMA_issued_date`, `order_id8`, `product_id9`) VALUES ('1440', '11', '39928', '8016497313549', 'Fadel, Shanahan and Dickinson', 'Minima ex et ut aspernatur quo. Sapiente ipsa nost', '5', '1982-12-16', '1026', '8351');
INSERT INTO `Order_items` (`order_item_id`, `order_item_quantity`, `order_item_price`, `RMA_bigint`, `RMA_issued_by`, `other_order_item_details`, `order_item_status_code`, `RMA_issued_date`, `order_id8`, `product_id9`) VALUES ('1441', '48', '23228', '2267916112410', 'Johnston, Hagenes and Waters', 'Provident tempore dignissimos inventore vel ut sed', '7', '1999-01-05', '2764', '18245');
INSERT INTO `Order_items` (`order_item_id`, `order_item_quantity`, `order_item_price`, `RMA_bigint`, `RMA_issued_by`, `other_order_item_details`, `order_item_status_code`, `RMA_issued_date`, `order_id8`, `product_id9`) VALUES ('1455', '41', '10677', '2634739273886', 'Gaylord Group', 'Est dignissimos quia sequi in quia. Sit vitae culp', '9', '1997-08-23', '2992', '47662');
INSERT INTO `Order_items` (`order_item_id`, `order_item_quantity`, `order_item_price`, `RMA_bigint`, `RMA_issued_by`, `other_order_item_details`, `order_item_status_code`, `RMA_issued_date`, `order_id8`, `product_id9`) VALUES ('1468', '4', '3862', '2587501834573', 'Lindgren Group', 'Rerum soluta rerum blanditiis earum. Minus cumque ', '9', '2019-11-07', '1339', '18245');
INSERT INTO `Order_items` (`order_item_id`, `order_item_quantity`, `order_item_price`, `RMA_bigint`, `RMA_issued_by`, `other_order_item_details`, `order_item_status_code`, `RMA_issued_date`, `order_id8`, `product_id9`) VALUES ('1478', '45', '32507', '8425272720784', 'Parisian, Reichel and Bailey', 'Aut vitae unde molestias nulla quo et nobis adipis', '', '2017-12-23', '1321', '11761');
INSERT INTO `Order_items` (`order_item_id`, `order_item_quantity`, `order_item_price`, `RMA_bigint`, `RMA_issued_by`, `other_order_item_details`, `order_item_status_code`, `RMA_issued_date`, `order_id8`, `product_id9`) VALUES ('1483', '34', '10783', '7139387310716', 'Steuber PLC', 'Corporis totam autem sit aut. Fugiat est molestias', '1', '1976-07-03', '501', '1484');
INSERT INTO `Order_items` (`order_item_id`, `order_item_quantity`, `order_item_price`, `RMA_bigint`, `RMA_issued_by`, `other_order_item_details`, `order_item_status_code`, `RMA_issued_date`, `order_id8`, `product_id9`) VALUES ('1499', '11', '14067', '7185479788925', 'Rodriguez Group', 'Eos eos sed culpa quia est quia aut eos. Et et eni', '8', '1986-11-12', '118', '82661116');
INSERT INTO `Order_items` (`order_item_id`, `order_item_quantity`, `order_item_price`, `RMA_bigint`, `RMA_issued_by`, `other_order_item_details`, `order_item_status_code`, `RMA_issued_date`, `order_id8`, `product_id9`) VALUES ('1511', '14', '21158', '6612141145348', 'Mueller LLC', 'Provident voluptas impedit hic. Cupiditate ad omni', '7', '1984-12-11', '1956', '97426343');
INSERT INTO `Order_items` (`order_item_id`, `order_item_quantity`, `order_item_price`, `RMA_bigint`, `RMA_issued_by`, `other_order_item_details`, `order_item_status_code`, `RMA_issued_date`, `order_id8`, `product_id9`) VALUES ('1524', '8', '23345', '8930157063950', 'Nader, Lang and Littel', 'Modi nostrum perferendis excepturi nihil quisquam ', '6', '1983-12-17', '1249', '321428');
INSERT INTO `Order_items` (`order_item_id`, `order_item_quantity`, `order_item_price`, `RMA_bigint`, `RMA_issued_by`, `other_order_item_details`, `order_item_status_code`, `RMA_issued_date`, `order_id8`, `product_id9`) VALUES ('1582', '27', '6815', '3664442066245', 'Kilback-Kovacek', 'Omnis ullam omnis et voluptatibus quaerat quisquam', '8', '1993-01-20', '2174', '38');
INSERT INTO `Order_items` (`order_item_id`, `order_item_quantity`, `order_item_price`, `RMA_bigint`, `RMA_issued_by`, `other_order_item_details`, `order_item_status_code`, `RMA_issued_date`, `order_id8`, `product_id9`) VALUES ('1592', '40', '15711', '3172320282583', 'Christiansen-Moen', 'Et nulla repudiandae iusto. Est praesentium cumque', '9', '2018-12-13', '2282', '310092683');
INSERT INTO `Order_items` (`order_item_id`, `order_item_quantity`, `order_item_price`, `RMA_bigint`, `RMA_issued_by`, `other_order_item_details`, `order_item_status_code`, `RMA_issued_date`, `order_id8`, `product_id9`) VALUES ('1597', '24', '13709', '9321492801786', 'McCullough LLC', 'Id autem nemo cumque iste et labore soluta iusto. ', '', '1975-10-22', '2148', '57265638');
INSERT INTO `Order_items` (`order_item_id`, `order_item_quantity`, `order_item_price`, `RMA_bigint`, `RMA_issued_by`, `other_order_item_details`, `order_item_status_code`, `RMA_issued_date`, `order_id8`, `product_id9`) VALUES ('1603', '33', '5630', '8468178087513', 'Wintheiser Group', 'Est ipsa saepe tempora dolores quo aliquid odit. Q', '1', '2016-06-02', '1717', '738644126');
INSERT INTO `Order_items` (`order_item_id`, `order_item_quantity`, `order_item_price`, `RMA_bigint`, `RMA_issued_by`, `other_order_item_details`, `order_item_status_code`, `RMA_issued_date`, `order_id8`, `product_id9`) VALUES ('1654', '41', '16214', '2885440187423', 'Douglas, Hand and Doyle', 'Rerum accusamus provident similique temporibus ali', '8', '1986-08-12', '1297', '8214161');
INSERT INTO `Order_items` (`order_item_id`, `order_item_quantity`, `order_item_price`, `RMA_bigint`, `RMA_issued_by`, `other_order_item_details`, `order_item_status_code`, `RMA_issued_date`, `order_id8`, `product_id9`) VALUES ('1784', '50', '36518', '4215434594988', 'Hilll-Dickens', 'Ut voluptas repellendus et omnis nobis non. Nihil ', '8', '2002-04-06', '1297', '45109028');
INSERT INTO `Order_items` (`order_item_id`, `order_item_quantity`, `order_item_price`, `RMA_bigint`, `RMA_issued_by`, `other_order_item_details`, `order_item_status_code`, `RMA_issued_date`, `order_id8`, `product_id9`) VALUES ('1810', '37', '33834', '8397012654843', 'Bernhard-Quitzon', 'Ipsam dignissimos iste rerum ex voluptatem iure et', '4', '1987-03-26', '1956', '3241');
INSERT INTO `Order_items` (`order_item_id`, `order_item_quantity`, `order_item_price`, `RMA_bigint`, `RMA_issued_by`, `other_order_item_details`, `order_item_status_code`, `RMA_issued_date`, `order_id8`, `product_id9`) VALUES ('1862', '32', '25079', '4127199346965', 'Weber, Conroy and Crona', 'Dolor maiores ullam eos itaque. Harum reprehenderi', '8', '2003-09-10', '379', '234438216');
INSERT INTO `Order_items` (`order_item_id`, `order_item_quantity`, `order_item_price`, `RMA_bigint`, `RMA_issued_by`, `other_order_item_details`, `order_item_status_code`, `RMA_issued_date`, `order_id8`, `product_id9`) VALUES ('1872', '7', '31570', '3488292331571', 'Hodkiewicz PLC', 'Aliquam qui eum quia reiciendis distinctio. Veniam', '7', '2007-10-25', '817', '1484');
INSERT INTO `Order_items` (`order_item_id`, `order_item_quantity`, `order_item_price`, `RMA_bigint`, `RMA_issued_by`, `other_order_item_details`, `order_item_status_code`, `RMA_issued_date`, `order_id8`, `product_id9`) VALUES ('1874', '1', '26840', '4644417729640', 'Kautzer Inc', 'Possimus quo quisquam harum id. Tempore qui ut cor', '5', '2011-05-09', '1114', '825906487');
INSERT INTO `Order_items` (`order_item_id`, `order_item_quantity`, `order_item_price`, `RMA_bigint`, `RMA_issued_by`, `other_order_item_details`, `order_item_status_code`, `RMA_issued_date`, `order_id8`, `product_id9`) VALUES ('1877', '15', '30074', '2291664347060', 'Fisher Ltd', 'Aliquam ut praesentium repudiandae quo. Quis corru', '', '1985-09-12', '2320', '803653301');
INSERT INTO `Order_items` (`order_item_id`, `order_item_quantity`, `order_item_price`, `RMA_bigint`, `RMA_issued_by`, `other_order_item_details`, `order_item_status_code`, `RMA_issued_date`, `order_id8`, `product_id9`) VALUES ('1878', '25', '1960', '3895013304040', 'Volkman-Graham', 'Sed dolores quis reprehenderit recusandae. Qui eum', '2', '1980-10-18', '2423', '71403');
INSERT INTO `Order_items` (`order_item_id`, `order_item_quantity`, `order_item_price`, `RMA_bigint`, `RMA_issued_by`, `other_order_item_details`, `order_item_status_code`, `RMA_issued_date`, `order_id8`, `product_id9`) VALUES ('1889', '31', '5235', '2245523956689', 'Johnston-Schoen', 'Dicta et sit quam quam blanditiis et. Molestiae hi', '7', '2004-11-22', '2518', '36');
INSERT INTO `Order_items` (`order_item_id`, `order_item_quantity`, `order_item_price`, `RMA_bigint`, `RMA_issued_by`, `other_order_item_details`, `order_item_status_code`, `RMA_issued_date`, `order_id8`, `product_id9`) VALUES ('1897', '34', '4557', '948590052736', 'Gutkowski-McDermott', 'Possimus non qui sunt quis. Libero accusamus archi', '9', '1990-12-03', '1717', '3');
INSERT INTO `Order_items` (`order_item_id`, `order_item_quantity`, `order_item_price`, `RMA_bigint`, `RMA_issued_by`, `other_order_item_details`, `order_item_status_code`, `RMA_issued_date`, `order_id8`, `product_id9`) VALUES ('1915', '17', '14376', '3098518774053', 'Mitchell Inc', 'Iure voluptatibus sint accusamus accusantium enim ', '1', '1992-02-25', '464', '14877');
INSERT INTO `Order_items` (`order_item_id`, `order_item_quantity`, `order_item_price`, `RMA_bigint`, `RMA_issued_by`, `other_order_item_details`, `order_item_status_code`, `RMA_issued_date`, `order_id8`, `product_id9`) VALUES ('1959', '48', '4106', '7815217683167', 'Rosenbaum PLC', 'Optio expedita est possimus consectetur. Ut eaque ', '1', '1990-01-01', '1385', '18245');
INSERT INTO `Order_items` (`order_item_id`, `order_item_quantity`, `order_item_price`, `RMA_bigint`, `RMA_issued_by`, `other_order_item_details`, `order_item_status_code`, `RMA_issued_date`, `order_id8`, `product_id9`) VALUES ('1977', '15', '13384', '159184468974', 'Anderson Ltd', 'Inventore voluptatem vel debitis laboriosam quos i', '7', '2012-12-09', '501', '8855650');









INSERT INTO `shipment_items` (`shipment_id0`, `order_item_id1`) VALUES ('1', '1409');
INSERT INTO `shipment_items` (`shipment_id0`, `order_item_id1`) VALUES ('2', '1195');
INSERT INTO `shipment_items` (`shipment_id0`, `order_item_id1`) VALUES ('2', '1410');
INSERT INTO `shipment_items` (`shipment_id0`, `order_item_id1`) VALUES ('6', '614');
INSERT INTO `shipment_items` (`shipment_id0`, `order_item_id1`) VALUES ('7', '421');
INSERT INTO `shipment_items` (`shipment_id0`, `order_item_id1`) VALUES ('7', '1410');
INSERT INTO `shipment_items` (`shipment_id0`, `order_item_id1`) VALUES ('8', '966');
INSERT INTO `shipment_items` (`shipment_id0`, `order_item_id1`) VALUES ('17', '1897');
INSERT INTO `shipment_items` (`shipment_id0`, `order_item_id1`) VALUES ('57', '1877');
INSERT INTO `shipment_items` (`shipment_id0`, `order_item_id1`) VALUES ('72', '1592');
INSERT INTO `shipment_items` (`shipment_id0`, `order_item_id1`) VALUES ('89', '121');
INSERT INTO `shipment_items` (`shipment_id0`, `order_item_id1`) VALUES ('96', '140');
INSERT INTO `shipment_items` (`shipment_id0`, `order_item_id1`) VALUES ('96', '466');
INSERT INTO `shipment_items` (`shipment_id0`, `order_item_id1`) VALUES ('153', '1862');
INSERT INTO `shipment_items` (`shipment_id0`, `order_item_id1`) VALUES ('370', '606');
INSERT INTO `shipment_items` (`shipment_id0`, `order_item_id1`) VALUES ('398', '235');
INSERT INTO `shipment_items` (`shipment_id0`, `order_item_id1`) VALUES ('398', '1145');
INSERT INTO `shipment_items` (`shipment_id0`, `order_item_id1`) VALUES ('638', '151');
INSERT INTO `shipment_items` (`shipment_id0`, `order_item_id1`) VALUES ('638', '1411');
INSERT INTO `shipment_items` (`shipment_id0`, `order_item_id1`) VALUES ('638', '1592');
INSERT INTO `shipment_items` (`shipment_id0`, `order_item_id1`) VALUES ('718', '1145');
INSERT INTO `shipment_items` (`shipment_id0`, `order_item_id1`) VALUES ('775', '382');
INSERT INTO `shipment_items` (`shipment_id0`, `order_item_id1`) VALUES ('775', '1455');
INSERT INTO `shipment_items` (`shipment_id0`, `order_item_id1`) VALUES ('792', '270');
INSERT INTO `shipment_items` (`shipment_id0`, `order_item_id1`) VALUES ('827', '1441');
INSERT INTO `shipment_items` (`shipment_id0`, `order_item_id1`) VALUES ('827', '1524');
INSERT INTO `shipment_items` (`shipment_id0`, `order_item_id1`) VALUES ('855', '1213');
INSERT INTO `shipment_items` (`shipment_id0`, `order_item_id1`) VALUES ('945', '1410');
INSERT INTO `shipment_items` (`shipment_id0`, `order_item_id1`) VALUES ('1490', '421');
INSERT INTO `shipment_items` (`shipment_id0`, `order_item_id1`) VALUES ('1628', '266');
INSERT INTO `shipment_items` (`shipment_id0`, `order_item_id1`) VALUES ('1628', '459');
INSERT INTO `shipment_items` (`shipment_id0`, `order_item_id1`) VALUES ('1628', '1592');
INSERT INTO `shipment_items` (`shipment_id0`, `order_item_id1`) VALUES ('2009', '231');
INSERT INTO `shipment_items` (`shipment_id0`, `order_item_id1`) VALUES ('2798', '625');
INSERT INTO `shipment_items` (`shipment_id0`, `order_item_id1`) VALUES ('2798', '1006');
INSERT INTO `shipment_items` (`shipment_id0`, `order_item_id1`) VALUES ('3701', '1173');
INSERT INTO `shipment_items` (`shipment_id0`, `order_item_id1`) VALUES ('4934', '151');
INSERT INTO `shipment_items` (`shipment_id0`, `order_item_id1`) VALUES ('4934', '1135');
INSERT INTO `shipment_items` (`shipment_id0`, `order_item_id1`) VALUES ('4934', '1410');
INSERT INTO `shipment_items` (`shipment_id0`, `order_item_id1`) VALUES ('4934', '1440');
INSERT INTO `shipment_items` (`shipment_id0`, `order_item_id1`) VALUES ('7963', '606');
INSERT INTO `shipment_items` (`shipment_id0`, `order_item_id1`) VALUES ('7963', '1135');
INSERT INTO `shipment_items` (`shipment_id0`, `order_item_id1`) VALUES ('8795', '59');
INSERT INTO `shipment_items` (`shipment_id0`, `order_item_id1`) VALUES ('8982', '1302');
INSERT INTO `shipment_items` (`shipment_id0`, `order_item_id1`) VALUES ('9233', '362');
INSERT INTO `shipment_items` (`shipment_id0`, `order_item_id1`) VALUES ('41498', '1597');
INSERT INTO `shipment_items` (`shipment_id0`, `order_item_id1`) VALUES ('88340', '1352');
INSERT INTO `shipment_items` (`shipment_id0`, `order_item_id1`) VALUES ('95939', '231');
INSERT INTO `shipment_items` (`shipment_id0`, `order_item_id1`) VALUES ('95939', '1350');
INSERT INTO `shipment_items` (`shipment_id0`, `order_item_id1`) VALUES ('95939', '1441');
INSERT INTO `shipment_items` (`shipment_id0`, `order_item_id1`) VALUES ('234671', '421');
INSERT INTO `shipment_items` (`shipment_id0`, `order_item_id1`) VALUES ('436597', '126');
INSERT INTO `shipment_items` (`shipment_id0`, `order_item_id1`) VALUES ('436597', '1302');
INSERT INTO `shipment_items` (`shipment_id0`, `order_item_id1`) VALUES ('439157', '24');
INSERT INTO `shipment_items` (`shipment_id0`, `order_item_id1`) VALUES ('439157', '231');
INSERT INTO `shipment_items` (`shipment_id0`, `order_item_id1`) VALUES ('605413', '231');
INSERT INTO `shipment_items` (`shipment_id0`, `order_item_id1`) VALUES ('605413', '1654');
INSERT INTO `shipment_items` (`shipment_id0`, `order_item_id1`) VALUES ('677188', '198');
INSERT INTO `shipment_items` (`shipment_id0`, `order_item_id1`) VALUES ('677188', '1135');
INSERT INTO `shipment_items` (`shipment_id0`, `order_item_id1`) VALUES ('739254', '49');
INSERT INTO `shipment_items` (`shipment_id0`, `order_item_id1`) VALUES ('739254', '1390');
INSERT INTO `shipment_items` (`shipment_id0`, `order_item_id1`) VALUES ('739254', '1423');
INSERT INTO `shipment_items` (`shipment_id0`, `order_item_id1`) VALUES ('861011', '137');
INSERT INTO `shipment_items` (`shipment_id0`, `order_item_id1`) VALUES ('962534', '1411');
INSERT INTO `shipment_items` (`shipment_id0`, `order_item_id1`) VALUES ('995614', '1959');
INSERT INTO `shipment_items` (`shipment_id0`, `order_item_id1`) VALUES ('995871', '1135');
INSERT INTO `shipment_items` (`shipment_id0`, `order_item_id1`) VALUES ('1473807', '1410');
INSERT INTO `shipment_items` (`shipment_id0`, `order_item_id1`) VALUES ('1473807', '1874');
INSERT INTO `shipment_items` (`shipment_id0`, `order_item_id1`) VALUES ('2641121', '235');
INSERT INTO `shipment_items` (`shipment_id0`, `order_item_id1`) VALUES ('2741223', '1135');
INSERT INTO `shipment_items` (`shipment_id0`, `order_item_id1`) VALUES ('2741223', '1524');
INSERT INTO `shipment_items` (`shipment_id0`, `order_item_id1`) VALUES ('4735148', '403');
INSERT INTO `shipment_items` (`shipment_id0`, `order_item_id1`) VALUES ('4735148', '1603');
INSERT INTO `shipment_items` (`shipment_id0`, `order_item_id1`) VALUES ('5215802', '1006');
INSERT INTO `shipment_items` (`shipment_id0`, `order_item_id1`) VALUES ('6588651', '24');
INSERT INTO `shipment_items` (`shipment_id0`, `order_item_id1`) VALUES ('8957025', '1145');
INSERT INTO `shipment_items` (`shipment_id0`, `order_item_id1`) VALUES ('8957025', '1862');
INSERT INTO `shipment_items` (`shipment_id0`, `order_item_id1`) VALUES ('9636318', '126');
INSERT INTO `shipment_items` (`shipment_id0`, `order_item_id1`) VALUES ('15036337', '1195');
INSERT INTO `shipment_items` (`shipment_id0`, `order_item_id1`) VALUES ('17404662', '1286');
INSERT INTO `shipment_items` (`shipment_id0`, `order_item_id1`) VALUES ('17404662', '1440');
INSERT INTO `shipment_items` (`shipment_id0`, `order_item_id1`) VALUES ('22223763', '459');
INSERT INTO `shipment_items` (`shipment_id0`, `order_item_id1`) VALUES ('29446417', '1455');
INSERT INTO `shipment_items` (`shipment_id0`, `order_item_id1`) VALUES ('38321808', '1302');
INSERT INTO `shipment_items` (`shipment_id0`, `order_item_id1`) VALUES ('42583511', '1025');
INSERT INTO `shipment_items` (`shipment_id0`, `order_item_id1`) VALUES ('42583511', '1468');
INSERT INTO `shipment_items` (`shipment_id0`, `order_item_id1`) VALUES ('42583511', '1889');
INSERT INTO `shipment_items` (`shipment_id0`, `order_item_id1`) VALUES ('42880714', '466');
INSERT INTO `shipment_items` (`shipment_id0`, `order_item_id1`) VALUES ('64541569', '935');
INSERT INTO `shipment_items` (`shipment_id0`, `order_item_id1`) VALUES ('69204074', '126');
INSERT INTO `shipment_items` (`shipment_id0`, `order_item_id1`) VALUES ('411219339', '815');
INSERT INTO `shipment_items` (`shipment_id0`, `order_item_id1`) VALUES ('424213974', '24');
INSERT INTO `shipment_items` (`shipment_id0`, `order_item_id1`) VALUES ('501250853', '59');
INSERT INTO `shipment_items` (`shipment_id0`, `order_item_id1`) VALUES ('501250853', '1603');
INSERT INTO `shipment_items` (`shipment_id0`, `order_item_id1`) VALUES ('575333230', '1423');
INSERT INTO `shipment_items` (`shipment_id0`, `order_item_id1`) VALUES ('739047683', '1079');
INSERT INTO `shipment_items` (`shipment_id0`, `order_item_id1`) VALUES ('739047683', '1409');
INSERT INTO `shipment_items` (`shipment_id0`, `order_item_id1`) VALUES ('796120906', '1410');
INSERT INTO `shipment_items` (`shipment_id0`, `order_item_id1`) VALUES ('979512573', '1874');


